event,stage,round,sweep,phase,kind,id,x,y,depth,gate,old_h,proposal_h,post_h,mu_lin,mu_prior,raw_beta,xTx,xTr,n_points,fit_points,lambda,sigma_sq,loss,parent0,parent1,p0h,p1h,clamped
1,0,2,-1,gate_activate,pre_activate,333,0.015625,0.21875,6,0,-29.074350174708322,-194.16401330081101,-368.05244392353154,-368.05244392353154,-368.05244392353154,32.286624105237884,0.0021310515574729533,0.068804460585010996,239,118,2.6475706820106591e-05,469.25190359346419,0,313,291,-758.80236054852571,22.69747270146264,0
2,0,2,-1,gate_activate,post_activate,333,0.015625,0.21875,6,1,-29.074350174708322,-194.16401330081101,-194.16401330081101,-368.05244392353154,-368.05244392353154,32.286624105237884,0.0021310515574729533,0.068804460585010996,239,118,2.6475706820106594e-05,1897.0397326128611,0,313,291,-758.80236054852571,22.69747270146264,0
3,0,3,-1,gate_activate,pre_activate,373,0.0234375,0.21875,7,0,-172.67748561103446,-131.29883935665828,-98.065675869921051,-98.065675869921051,-98.065675869921051,-188.84018421853224,0.00015678683123350373,-0.029607654093174771,27,16,0,31791.618960188469,0,333,291,-203.35840678712577,7.2270550472836828,0
4,0,3,-1,gate_activate,post_activate,373,0.0234375,0.21875,7,1,-172.67748561103446,-131.29883935665828,-131.29883935665828,-98.065675869921051,-98.065675869921051,-188.84018421853224,0.00015678683123350373,-0.029607654093174771,27,16,0.00029306686660940059,9114.7473084248722,0,333,291,-203.35840678712577,7.2270550472836828,0
5,0,3,-1,gate_promote,pre_promote,318,0.015625,0.234375,6,0,2.2696867305576935,-22.307278351878747,2.2696867305576935,2.2696867305576935,2.2696867305576935,17.640556660515774,0.11982463113856108,2.1137731949251894,1502,750,0,8.3455295501275888,0,291,15,7.2270550472836828,-2.6876815861682952,0
6,0,3,-1,gate_promote,post_promote,318,0.015625,0.234375,6,1,2.2696867305576935,-22.307278351878747,-22.307278351878747,2.2696867305576935,2.2696867305576935,17.864669565172047,0.11982463113856108,2.1406274410590189,1502,750,0.00029306686660940059,11.540837712218629,0,291,15,7.2270550472836828,-2.6876815861682952,0
7,0,3,-1,gate_promote,pre_promote,356,0.015625,0.25,6,0,13.999920560049873,23.533480559249412,13.999920560049873,13.999920560049873,13.999920560049873,74.562948297923356,0.08733586473216462,6.5120195665788181,1099,559,0,11.450049794167933,0,15,319,-2.6876815861682952,30.687522706268041,0
8,0,3,-1,gate_promote,post_promote,356,0.015625,0.25,6,1,13.999920560049873,23.533480559249412,23.533480559249412,13.999920560049873,13.999920560049873,74.562948297923356,0.08733586473216462,6.5120195665788181,1099,559,0.00029306686660940059,16.142094742719628,0,15,319,-2.6876815861682952,30.687522706268041,0
9,0,4,-1,gate_activate,pre_activate,474,0.01171875,0.23828125,8,0,1.0303446513761965,-499.56487967549316,-281.31185692981103,-281.31185692981103,-281.31185692981103,-123.77088302368347,0.012227104137249268,-1.5133594758898754,220,115,0,480.66328429254338,0,318,348,-54.217526737313534,-508.40618712230849,0
10,0,4,-1,gate_activate,post_activate,474,0.01171875,0.23828125,8,1,1.0303446513761965,-499.56487967549316,-499.56487967549316,-281.31185692981103,-281.31185692981103,-123.77088302368347,0.012227104137249268,-1.5133594758898754,220,115,2.2518744107875113e-05,723.21809243494658,0,318,348,-54.217526737313534,-508.40618712230849,0
11,0,4,-1,gate_activate,pre_activate,481,0.01171875,0.24609375,8,0,6.895461566122286,-156.11146588964598,-237.89119709775829,-237.89119709775829,-237.89119709775829,-52.619111791889637,0.014596964487284687,-0.76807930617867592,186,93,0,1.0000000000000001e+300,0,348,356,-508.40618712230849,32.623792926791893,0
12,0,4,-1,gate_activate,post_activate,481,0.01171875,0.24609375,8,1,6.895461566122286,-156.11146588964598,-156.11146588964598,-237.89119709775829,-237.89119709775829,-52.619111791889637,0.014596964487284687,-0.76807930617867592,186,93,2.2518744107875113e-05,161.066642527467,0,348,356,-508.40618712230849,32.623792926791893,0
13,0,4,-1,gate_activate,pre_activate,543,0.01953125,0.22265625,8,0,-99.305017949102549,-86.162977547820688,-53.360224591219996,-53.360224591219996,-53.360224591219996,-113.64560114006458,0.00011212976547294944,-0.012743054602867798,27,13,0,14456.559133733035,0,346,333,-3.4736514280578206,-103.24679775438217,0
14,0,4,-1,gate_activate,post_activate,543,0.01953125,0.22265625,8,1,-99.305017949102549,-86.162977547820688,-86.162977547820688,-53.360224591219996,-53.360224591219996,-113.64560114006458,0.00011212976547294944,-0.012743054602867798,27,13,2.2518744107875113e-05,10513.120456951638,0,346,333,-3.4736514280578206,-103.24679775438217,0
15,0,5,-1,gate_activate,pre_activate,586,0.009765625,0.240234375,9,0,-394.85902202605973,-200.21728696703028,-502.59579251784862,-502.59579251784862,-502.59579251784862,839.18976110113738,0.00032936491315829308,0.27639966278840483,43,24,0,6774.5422166654389,0,474,348,-492.98065866070971,-512.21092637498759,0
16,0,5,-1,gate_activate,post_activate,586,0.009765625,0.240234375,9,1,-394.85902202605973,-200.21728696703028,-200.21728696703028,-502.59579251784862,-502.59579251784862,839.18976110113738,0.00032936491315829308,0.27639966278840483,43,24,4.4224620602454906e-05,84858.157001988162,0,474,348,-492.98065866070971,-512.21092637498759,0
17,0,5,-1,gate_activate,pre_activate,607,0.009765625,0.244140625,9,0,-373.14869211003338,-356.90300588708902,-328.13962513339527,-328.13962513339527,-328.13962513339527,356.38205662026166,0.00075202220880098624,0.26800722139660732,62,31,0,1.0000000000000001e+300,0,348,481,-512.21092637498759,-144.06832389180292,0
18,0,5,-1,gate_activate,post_activate,607,0.009765625,0.244140625,9,1,-373.14869211003338,-356.90300588708902,-356.90300588708902,-328.13962513339527,-328.13962513339527,356.38205662026166,0.00075202220880098624,0.26800722139660732,62,31,4.4224620602454906e-05,49494.834520329394,0,348,481,-512.21092637498759,-144.06832389180292,0
19,0,5,-1,gate_promote,pre_promote,594,0.01171875,0.2421875,8,0,-264.23014783588292,-313.98434543422968,-264.23014783588292,-264.23014783588292,-264.23014783588292,51.312296218536076,0.002067624968926257,0.10609458487438556,87,46,4.4224620602454906e-05,483.64670335709502,0,480,348,-16.249369296778283,-512.21092637498759,0
20,0,5,-1,gate_promote,post_promote,594,0.01171875,0.2421875,8,1,-264.23014783588292,-313.98434543422968,-313.98434543422968,-264.23014783588292,-264.23014783588292,51.312296218536076,0.002067624968926257,0.10609458487438556,87,46,4.4224620602454906e-05,10151.192579517699,0,480,348,-16.249369296778283,-512.21092637498759,0
21,0,5,-1,gate_activate,pre_activate,663,0.01953125,0.2265625,8,0,-41.10290683695284,130.57593836951361,-34.52917075524357,-34.52917075524357,-34.52917075524357,183.0452720746494,0.00021630957037257378,0.03959444416119829,29,14,0,1.0000000000000001e+300,0,372,346,-74.146168121873586,5.087826611386447,0
22,0,5,-1,gate_activate,post_activate,663,0.01953125,0.2265625,8,1,-41.10290683695284,130.57593836951361,130.57593836951361,-34.52917075524357,-34.52917075524357,183.0452720746494,0.00021630957037257378,0.03959444416119829,29,14,4.4224620602454906e-05,1734.9312737526013,0,372,346,-74.146168121873586,5.087826611386447,0
23,0,5,-1,gate_activate,pre_activate,595,0.013671875,0.240234375,9,0,-146.05436191753591,-294.73840026198479,-254.615013978744,-254.615013978744,-254.615013978744,-91.610557973480937,0.029598498693410167,-2.7115349804806517,47,27,0,6287.6892978877122,0,474,480,-492.98065866070971,-16.249369296778283,0
24,0,5,-1,gate_activate,post_activate,595,0.013671875,0.240234375,9,1,-146.05436191753591,-294.73840026198479,-294.73840026198479,-254.615013978744,-254.615013978744,-91.610557973480937,0.029598498693410167,-2.7115349804806517,47,27,4.4224620602454906e-05,276.07683771326793,0,474,480,-492.98065866070971,-16.249369296778283,0
25,0,5,-1,gate_promote,pre_promote,593,0.015625,0.23828125,8,0,-32.238057400224584,-80.132431269591393,-32.238057400224584,-32.238057400224584,-32.238057400224584,306.24236712565863,0.0077944795735372828,2.3869998751126515,109,54,0,1.0000000000000001e+300,0,480,318,-16.249369296778283,-48.226745503670884,0
26,0,5,-1,gate_promote,post_promote,593,0.015625,0.23828125,8,1,-32.238057400224584,-80.132431269591393,-80.132431269591393,-32.238057400224584,-32.238057400224584,306.24236712565863,0.0077944795735372828,2.3869998751126515,109,54,4.4224620602454906e-05,727.13389384619154,0,480,318,-16.249369296778283,-48.226745503670884,0
27,0,5,-1,gate_activate,pre_activate,585,0.009765625,0.236328125,9,0,-247.87165513110136,-282.24515070560597,-332.98335876573088,-332.98335876573088,-332.98335876573088,600.48027997060922,8.0491444656121614e-05,0.048333525222346706,81,38,0,1.0000000000000001e+300,0,474,362,-492.98065866070971,-172.98605887075206,0
28,0,5,-1,gate_activate,post_activate,585,0.009765625,0.236328125,9,1,-247.87165513110136,-282.24515070560597,-282.24515070560597,-332.98335876573088,-332.98335876573088,600.48027997060922,8.0491444656121614e-05,0.048333525222346706,81,38,4.4224620602454906e-05,18504.334304878488,0,474,362,-492.98065866070971,-172.98605887075206,0
29,0,6,-1,gate_activate,pre_activate,609,0.013671875,0.248046875,9,0,-102.63370208548321,-151.92668514356086,-151.91930154633167,-151.91930154633167,-151.91930154633167,-226.12518881202658,0.00030154573675955393,-0.068187086660215793,36,18,0,28929.304140756431,0,481,356,-313.16798817071088,9.3293850780475385,0
30,0,6,-1,gate_activate,post_activate,609,0.013671875,0.248046875,9,1,-102.63370208548321,-151.92668514356086,-151.92668514356086,-151.91930154633167,-151.91930154633167,-226.12518881202658,0.00030154573675955393,-0.068187086660215793,36,18,4,5442.9598675590587,0,481,356,-313.16798817071088,9.3293850780475385,0
31,0,6,-1,gate_activate,pre_activate,709,0.0107421875,0.2451171875,10,0,-236.10397451259911,-294.12464956517982,-294.12493340647529,-294.12493340647529,-294.12493340647529,191.11322892598471,4.2131781350048092e-06,0.00080519407742112741,13,5,0,1.0000000000000001e+300,0,607,481,-275.08187864223964,-313.16798817071088,0
32,0,6,-1,gate_activate,post_activate,709,0.0107421875,0.2451171875,10,1,-236.10397451259911,-294.12464956517982,-294.12464956517982,-294.12493340647529,-294.12493340647529,191.11322892598471,4.2131781350048092e-06,0.00080519407742112741,13,5,4,620136.48610422306,0,607,481,-275.08187864223964,-313.16798817071088,0
33,0,6,-1,gate_activate,pre_activate,793,0.013671875,0.23828125,9,0,-262.60935803046715,-279.94120905990673,-279.95345921521289,-279.95345921521289,-279.95345921521289,149.66949188698015,0.00067303705190426206,0.10073311357962199,24,12,0,1.0000000000000001e+300,0,593,474,-300.58713991848731,-259.31977851193852,0
34,0,6,-1,gate_activate,post_activate,793,0.013671875,0.23828125,9,1,-262.60935803046715,-279.94120905990673,-279.94120905990673,-279.95345921521289,-279.95345921521289,149.66949188698015,0.00067303705190426206,0.10073311357962199,24,12,4,14122.575206393669,0,593,474,-300.58713991848731,-259.31977851193852,0
35,0,6,-1,gate_activate,pre_activate,708,0.0087890625,0.2451171875,10,0,-280.39440210211126,-299.62968633837812,-299.63038192379753,-299.63038192379753,-299.63038192379753,-545.31117767985756,1.041807375732524e-05,-0.0056810920697626449,22,11,0,1.0000000000000001e+300,0,607,606,-275.08187864223964,-324.17888520535541,0
36,0,6,-1,gate_activate,post_activate,708,0.0087890625,0.2451171875,10,1,-280.39440210211126,-299.62968633837812,-299.62968633837812,-299.63038192379753,-299.63038192379753,-545.31117767985756,1.041807375732524e-05,-0.0056810920697626449,22,11,4,32204.808748570471,0,607,606,-275.08187864223964,-324.17888520535541,0
37,0,6,-1,gate_activate,pre_activate,695,0.01171875,0.240234375,9,0,-378.60540324829628,-257.59476308026746,-257.59712934301729,-257.59712934301729,-257.59712934301729,164.91351599982391,0.0005024057873043589,0.082853504843021522,25,13,4,1990.4229315618873,0,594,474,-255.87448017409605,-259.31977851193852,0
38,0,6,-1,gate_activate,post_activate,695,0.01171875,0.240234375,9,1,-378.60540324829628,-257.59476308026746,-257.59476308026746,-257.59712934301729,-257.59712934301729,164.91351599982391,0.0005024057873043589,0.082853504843021522,25,13,4,30418.970076214639,0,594,474,-255.87448017409605,-259.31977851193852,0
39,0,6,-1,gate_promote,pre_promote,697,0.01171875,0.244140625,9,0,-284.52123417240347,-284.52246200688245,-284.52123417240347,-284.52123417240347,-284.52123417240347,-27.11540250899662,0.00051233008707721184,-0.013892036528567887,23,11,0,1244.5899307400339,0,594,481,-255.87448017409605,-313.16798817071088,0
40,0,6,-1,gate_promote,post_promote,697,0.01171875,0.244140625,9,1,-284.52123417240347,-284.52246200688245,-284.52246200688245,-284.52123417240347,-284.52123417240347,-27.11540250899662,0.00051233008707721184,-0.013892036528567887,23,11,4,24843.857757989066,0,594,481,-255.87448017409605,-313.16798817071088,0
41,0,6,-1,gate_promote,pre_promote,610,0.013671875,0.244140625,9,0,-160.09441328987725,-159.70007731677464,-160.09441328987725,-160.09441328987725,-160.09441328987725,-74.439030022011551,0.022391753404732477,-1.6668204039403602,33,17,4,44.659298533925927,0,481,480,-313.16798817071088,-7.0208384090436047,0
42,0,6,-1,gate_promote,post_promote,610,0.013671875,0.244140625,9,1,-160.09441328987725,-159.70007731677464,-159.70007731677464,-160.09441328987725,-160.09441328987725,-74.439030022011551,0.022391753404732477,-1.6668204039403602,33,17,4,70.063418034241749,0,481,480,-313.16798817071088,-7.0208384090436047,0
43,0,7,-1,gate_activate,pre_activate,874,0.0107421875,0.2490234375,10,0,-53.923323164448085,-261.44679340103431,-261.44688172052713,-261.44688172052713,-261.44688172052713,392.60686890787684,2.3846057148302046e-05,0.0093621258327931615,8,5,0,501569.86272560328,0,608,605,-345.27409130524381,-177.61967213581039,0
44,0,7,-1,gate_activate,post_activate,874,0.0107421875,0.2490234375,10,1,-53.923323164448085,-261.44679340103431,-261.44679340103431,-261.44688172052713,-261.44688172052713,392.60686890787684,2.3846057148302046e-05,0.0093621258327931615,8,5,4,328785.80627086357,0,608,605,-345.27409130524381,-177.61967213581039,0
45,0,7,-1,gate_promote,pre_promote,851,0.009765625,0.25,9,0,-278.35951954037967,-278.35967259219456,-278.35951954037967,-278.35951954037967,-278.35951954037967,533.20245117011063,7.2452572966811153e-05,0.038631889499484998,10,5,0,13802.132333631227,0,477,605,-379.09936694494894,-177.61967213581039,0
46,0,7,-1,gate_promote,post_promote,851,0.009765625,0.25,9,1,-278.35951954037967,-278.35967259219456,-278.35967259219456,-278.35951954037967,-278.35951954037967,533.20245117011063,7.2452572966811153e-05,0.038631889499484998,10,5,4,522268.44876926817,0,477,605,-379.09936694494894,-177.61967213581039,0
47,0,7,-1,gate_activate,pre_activate,791,0.017578125,0.23828125,9,0,-26.68786271063556,-157.1006585824201,-157.1177876422735,-157.1177876422735,-157.1177876422735,-42.745836884922433,0.0011778482674141366,-0.05034810991407318,30,12,0,4042.0397209688504,0,593,587,-300.34407475347302,-13.891500531073996,0
48,0,7,-1,gate_activate,post_activate,791,0.017578125,0.23828125,9,1,-26.68786271063556,-157.1006585824201,-157.1006585824201,-157.1177876422735,-157.1177876422735,-42.745836884922433,0.0011778482674141366,-0.05034810991407318,30,12,4,2280.9686472739654,0,593,587,-300.34407475347302,-13.891500531073996,0
49,0,8,-1,gate_promote,pre_promote,608,0.009765625,0.248046875,9,0,-344.79992838130505,-344.80064345294454,-344.79992838130505,-344.79992838130505,-344.79992838130505,283.26110171069269,0.00028618943773252471,0.081066335430078629,47,22,0,3494.1890515701325,0,481,477,-308.60661069140843,-380.99324607120167,0
50,0,8,-1,gate_promote,post_promote,608,0.009765625,0.248046875,9,1,-344.79992838130505,-344.80064345294454,-344.80064345294454,-344.79992838130505,-344.79992838130505,283.26110171069269,0.00028618943773252471,0.081066335430078629,47,22,4,101463.1173710789,0,481,477,-308.60661069140843,-380.99324607120167,0
51,1,2,-1,gate_activate,pre_activate,1372,0.015625,0.21875,6,0,-29.152763363655804,-203.83367806795073,-334.27284688480614,-334.27284688480614,-334.27284688480614,18.317147127828921,0.0021306100062597126,0.039026696956683656,239,118,8.1952159381793439e-05,469.34915214985813,0,1349,1327,-680.40249491280736,11.856801143195121,0
52,1,2,-1,gate_activate,post_activate,1372,0.015625,0.21875,6,1,-29.152763363655804,-203.83367806795073,-203.83367806795073,-334.27284688480614,-334.27284688480614,18.317147127828921,0.0021306100062597126,0.039026696956683656,239,118,8.1952159381793439e-05,1990.9939908952038,0,1349,1327,-680.40249491280736,11.856801143195121,0
53,1,3,-1,gate_promote,pre_promote,1357,0.015625,0.234375,6,0,15.282992114607016,-17.458059744808995,15.282992114607016,15.282992114607016,15.282992114607016,29.545431412945572,0.12243413469612677,3.6173693292677531,1587,796,0,8.1676568587831522,0,1327,1051,10.657573536359061,19.908410692854968,0
54,1,3,-1,gate_promote,post_promote,1357,0.015625,0.234375,6,1,15.282992114607016,-17.458059744808995,-17.458059744808995,15.282992114607016,15.282992114607016,29.545431412945572,0.12243413469612677,3.6173693292677531,1587,796,0.00035940921615267371,12.146409041722379,0,1327,1051,10.657573536359061,19.908410692854968,0
55,1,3,-1,gate_activate,pre_activate,1421,0.0234375,0.21875,7,0,-161.20802287080551,-131.13950952878909,-107.18851301238492,-107.18851301238492,-107.18851301238492,-190.28979426335982,0.00014238674552460875,-0.02709474451170717,27,16,0,34622.193877991594,0,1372,1327,-225.03459956112889,10.657573536359061,0
56,1,3,-1,gate_activate,post_activate,1421,0.0234375,0.21875,7,1,-161.20802287080551,-131.13950952878909,-131.13950952878909,-107.18851301238492,-107.18851301238492,-190.28979426335982,0.00014238674552460875,-0.02709474451170717,27,16,0.00035940921615267371,9389.6604568077692,0,1372,1327,-225.03459956112889,10.657573536359061,0
57,1,3,-1,gate_promote,pre_promote,1404,0.015625,0.25,6,0,18.547947830857559,24.87808382557391,18.547947830857559,18.547947830857559,18.547947830857559,72.067212616459699,0.07908588598714987,5.699499360397021,1099,559,0,12.644481218336269,0,1051,1358,19.908410692854968,17.187484968860154,0
58,1,3,-1,gate_promote,post_promote,1404,0.015625,0.25,6,1,18.547947830857559,24.87808382557391,24.87808382557391,18.547947830857559,18.547947830857559,72.067212616459699,0.07908588598714987,5.699499360397021,1099,559,0.00035940921615267371,17.500804692888767,0,1051,1358,19.908410692854968,17.187484968860154,0
59,1,3,-1,gate_promote,pre_promote,1394,0.0234375,0.2265625,7,0,-3.400243104224967,114.95616661949852,-3.400243104224967,-3.400243104224967,-3.400243104224967,81.992181531121958,0.0022453407095545282,0.18410038305701307,193,97,0,445.36670793199949,0,1327,1357,10.657573536359061,-17.458059744808995,0
60,1,3,-1,gate_promote,post_promote,1394,0.0234375,0.2265625,7,1,-3.400243104224967,114.95616661949852,114.95616661949852,-3.400243104224967,-3.400243104224967,81.992181531121958,0.0022453407095545282,0.18410038305701307,193,97,0.00035940921615267371,307.39096351316817,0,1327,1357,10.657573536359061,-17.458059744808995,0
61,1,4,-1,gate_activate,pre_activate,1484,0.01171875,0.23828125,8,0,16.439346759169005,-466.85645220903626,-266.81030192286948,-266.81030192286948,-266.81030192286948,-123.97437842384436,0.011378388685904864,-1.4106286647999586,220,115,0,468.23677481178424,0,1357,1396,-63.315811049547811,-470.30479279619112,0
62,1,4,-1,gate_activate,post_activate,1484,0.01171875,0.23828125,8,1,16.439346759169005,-466.85645220903626,-466.85645220903626,-266.81030192286948,-266.81030192286948,-123.97437842384436,0.011378388685904864,-1.4106286647999586,220,115,0.00013761761557311289,710.96303643573822,0,1357,1396,-63.315811049547811,-470.30479279619112,0
63,1,4,-1,gate_activate,pre_activate,1491,0.01171875,0.24609375,8,0,18.071824617294276,-151.3145445956946,-219.01296980254097,-219.01296980254097,-219.01296980254097,-54.023913521591361,0.012734437465714928,-0.6879641483938963,186,93,0,1.0000000000000001e+300,0,1396,1404,-470.30479279619112,32.278853191109185,0
64,1,4,-1,gate_activate,post_activate,1491,0.01171875,0.24609375,8,1,18.071824617294276,-151.3145445956946,-151.3145445956946,-219.01296980254097,-219.01296980254097,-54.023913521591361,0.012734437465714928,-0.6879641483938963,186,93,0.00013761761557311289,179.08765819553966,0,1396,1404,-470.30479279619112,32.278853191109185,0
65,1,4,-1,gate_promote,pre_promote,1327,0.03125,0.21875,5,0,49.903553059068742,-33.481015023531114,49.903553059068742,49.903553059068742,49.903553059068742,-200.53572651443645,0.0002827914905015271,-0.056709796999824091,27,13,0,3536.1742965692242,0,1118,1051,33.748981219822575,66.058124898314915,0
66,1,4,-1,gate_promote,post_promote,1327,0.03125,0.21875,5,1,49.903553059068742,-33.481015023531114,-33.481015023531114,49.903553059068742,49.903553059068742,-187.34563754285156,0.0002827914905015271,-0.052979752079701847,27,13,0.00017567628304128544,185.95614938341754,0,1118,1051,33.748981219822575,66.058124898314915,0
67,1,5,-1,gate_activate,pre_activate,1604,0.01171875,0.2421875,8,0,-242.91163586270523,-292.63024724942494,-224.1417019749309,-224.1417019749309,-224.1417019749309,56.115754648082508,0.0019857987198417578,0.11143459374311641,87,46,5.6429893220046435e-05,503.57570986836316,0,1490,1396,-21.014968656756182,-427.2684352931056,0
68,1,5,-1,gate_activate,post_activate,1604,0.01171875,0.2421875,8,1,-242.91163586270523,-292.63024724942494,-292.63024724942494,-224.1417019749309,-224.1417019749309,56.115754648082508,0.0019857987198417578,0.11143459374311641,87,46,5.6429893220046435e-05,9291.8341101072947,0,1490,1396,-21.014968656756182,-427.2684352931056,0
69,1,5,-1,gate_activate,pre_activate,1596,0.009765625,0.240234375,9,0,-368.5575473595303,-227.10917173176543,-451.5882553945446,-451.5882553945446,-451.5882553945446,717.19077269971751,0.00033031549216884677,0.23689922306326272,43,24,0,1.0000000000000001e+300,0,1484,1396,-475.90807549598367,-427.2684352931056,0
70,1,5,-1,gate_activate,post_activate,1596,0.009765625,0.240234375,9,1,-368.5575473595303,-227.10917173176543,-227.10917173176543,-451.5882553945446,-451.5882553945446,717.19077269971751,0.00033031549216884677,0.23689922306326272,43,24,5.6429893220046435e-05,66995.506549825994,0,1484,1396,-475.90807549598367,-427.2684352931056,0
71,1,5,-1,gate_activate,pre_activate,1617,0.009765625,0.244140625,9,0,-344.65888129936604,-341.57437173291862,-282.66050824294456,-282.66050824294456,-282.66050824294456,263.96065379625054,0.00072911918768616964,0.19245877747703244,62,31,0,1.0000000000000001e+300,0,1396,1491,-427.2684352931056,-138.05258119278349,0
72,1,5,-1,gate_activate,post_activate,1617,0.009765625,0.244140625,9,1,-344.65888129936604,-341.57437173291862,-341.57437173291862,-282.66050824294456,-282.66050824294456,263.96065379625054,0.00072911918768616964,0.19245877747703244,62,31,5.6429893220046435e-05,34444.97978283032,0,1396,1491,-427.2684352931056,-138.05258119278349,0
73,1,5,-1,gate_activate,pre_activate,1605,0.013671875,0.240234375,9,0,-141.16439042604441,-291.28176329095453,-248.46152207636993,-248.46152207636993,-248.46152207636993,-95.911762601008661,0.026431660301262899,-2.5351071279652322,47,27,0,6610.8459547306711,0,1484,1490,-475.90807549598367,-21.014968656756182,0
74,1,5,-1,gate_activate,post_activate,1605,0.013671875,0.240234375,9,1,-141.16439042604441,-291.28176329095453,-291.28176329095453,-248.46152207636993,-248.46152207636993,-95.911762601008661,0.026431660301262899,-2.5351071279652322,47,27,5.6429893220046435e-05,293.25861703113293,0,1484,1490,-475.90807549598367,-21.014968656756182,0
75,1,5,-1,gate_promote,pre_promote,1603,0.015625,0.23828125,8,0,-37.118187388860633,-81.601782679665007,-37.118187388860633,-37.118187388860633,-37.118187388860633,281.62563688643422,0.0071475923765888863,2.0129452552614673,109,54,0,1.0000000000000001e+300,0,1490,1357,-21.014968656756182,-53.221406120965085,0
76,1,5,-1,gate_promote,post_promote,1603,0.015625,0.23828125,8,1,-37.118187388860633,-81.601782679665007,-81.601782679665007,-37.118187388860633,-37.118187388860633,281.62563688643422,0.0071475923765888863,2.0129452552614673,109,54,5.6429893220046435e-05,744.36689711529982,0,1490,1357,-21.014968656756182,-53.221406120965085,0
77,1,6,-1,gate_activate,pre_activate,1619,0.013671875,0.248046875,9,0,-93.367058305715886,-139.26241585648941,-139.25493294765505,-139.25493294765505,-139.25493294765505,-218.97274848365763,0.00029739915366097533,-0.065122310073857395,36,18,0,29634.520052706983,0,1491,1404,-271.62944275593765,-6.8804231393724464,0
78,1,6,-1,gate_activate,post_activate,1619,0.013671875,0.248046875,9,1,-93.367058305715886,-139.26241585648941,-139.26241585648941,-139.25493294765505,-139.25493294765505,-218.97274848365763,0.00029739915366097533,-0.065122310073857395,36,18,4,5354.2507999530153,0,1491,1404,-271.62944275593765,-6.8804231393724464,0
79,1,6,-1,gate_activate,pre_activate,1751,0.013671875,0.23828125,9,0,-256.51313144242215,-258.08631311872904,-258.09711767703465,-258.09711767703465,-258.09711767703465,95.697264674813482,0.00064675984494648941,0.061893148062885525,24,12,0,1.0000000000000001e+300,0,1603,1484,-236.19327001704841,-280.00096533702089,0
80,1,6,-1,gate_activate,post_activate,1751,0.013671875,0.23828125,9,1,-256.51313144242215,-258.08631311872904,-258.08631311872904,-258.09711767703465,-258.09711767703465,95.697264674813482,0.00064675984494648941,0.061893148062885525,24,12,4,10099.021033883933,0,1603,1484,-236.19327001704841,-280.00096533702089,0
81,1,6,-1,gate_activate,pre_activate,1663,0.01171875,0.240234375,9,0,-350.0248887354573,-239.53749565826837,-239.53976834133525,-239.53976834133525,-239.53976834133525,167.39456105631226,0.00048315213420505314,0.080877039428675343,25,13,4,2069.741452441961,0,1604,1484,-199.07857134564961,-280.00096533702089,0
82,1,6,-1,gate_activate,post_activate,1663,0.01171875,0.240234375,9,1,-350.0248887354573,-239.53749565826837,-239.53749565826837,-239.53976834133525,-239.53976834133525,167.39456105631226,0.00048315213420505314,0.080877039428675343,25,13,4,28899.022819078324,0,1604,1484,-199.07857134564961,-280.00096533702089,0
83,1,6,-1,gate_activate,pre_activate,1691,0.0107421875,0.2451171875,10,0,-210.35654471786404,-267.02832473200982,-267.02849974643141,-267.02849974643141,-267.02849974643141,8.1736914804519802,4.636416532056268e-06,3.7896638307895036e-05,13,5,0,1.0000000000000001e+300,0,1617,1491,-262.42755673692517,-271.62944275593765,0
84,1,6,-1,gate_activate,post_activate,1691,0.0107421875,0.2451171875,10,1,-210.35654471786404,-267.02832473200982,-267.02832473200982,-267.02849974643141,-267.02849974643141,8.1736914804519802,4.636416532056268e-06,3.7896638307895036e-05,13,5,4,406245.60852069908,0,1617,1491,-262.42755673692517,-271.62944275593765,0
85,1,6,-1,gate_activate,pre_activate,1690,0.0087890625,0.2451171875,10,0,-236.15130709898864,-241.21613110932066,-241.21592037862368,-241.21592037862368,-241.21592037862368,-534.04853625005467,1.3575120215377618e-05,-0.007249773080440944,22,11,0,1.0000000000000001e+300,0,1617,1616,-262.42755673692517,-220.00428402032219,0
86,1,6,-1,gate_activate,post_activate,1690,0.0087890625,0.2451171875,10,1,-236.15130709898864,-241.21613110932066,-241.21613110932066,-241.21592037862368,-241.21592037862368,-534.04853625005467,1.3575120215377618e-05,-0.007249773080440944,22,11,4,17987.853510249297,0,1617,1616,-262.42755673692517,-220.00428402032219,0
87,1,6,-1,gate_promote,pre_promote,1665,0.01171875,0.244140625,9,0,-235.35400705079363,-235.35604393078273,-235.35400705079363,-235.35400705079363,-235.35400705079363,-49.465478795602436,0.00049643990448788151,-0.024556637568736203,23,11,0,1296.877394405325,0,1604,1491,-199.07857134564961,-271.62944275593765,0
88,1,6,-1,gate_promote,post_promote,1665,0.01171875,0.244140625,9,1,-235.35400705079363,-235.35604393078273,-235.35604393078273,-235.35400705079363,-235.35400705079363,-49.465478795602436,0.00049643990448788151,-0.024556637568736203,23,11,4,15741.035997273853,0,1604,1491,-199.07857134564961,-271.62944275593765,0
89,1,7,-1,gate_activate,pre_activate,1831,0.01953125,0.2265625,8,0,21.132724205210671,28.582375785915676,28.576293511059774,28.576293511059774,28.576293511059774,94.804031814838297,0.00039016627320001009,0.036989335777530649,29,14,0,3047.4163928657572,0,1420,1394,-174.30659903855394,231.45918606067349,0
90,1,7,-1,gate_activate,post_activate,1831,0.01953125,0.2265625,8,1,21.132724205210671,28.582375785915676,28.582375785915676,28.576293511059774,28.576293511059774,94.804031814838297,0.00039016627320001009,0.036989335777530649,29,14,4,2324.5851595040831,0,1420,1394,-174.30659903855394,231.45918606067349,0
91,1,7,-1,gate_activate,pre_activate,1745,0.01953125,0.234375,8,0,-48.883394248309372,-167.65560063928029,-167.70528387003924,-167.70528387003924,-167.70528387003924,63.436408960745581,0.0019065704275784952,0.12094598135633298,108,56,4,524.50199873816575,0,1541,1357,-115.37315370254444,-220.03741403753403,0
92,1,7,-1,gate_activate,post_activate,1745,0.01953125,0.234375,8,1,-48.883394248309372,-167.65560063928029,-167.65560063928029,-167.70528387003924,-167.70528387003924,63.436408960745581,0.0019065704275784952,0.12094598135633298,108,56,4,1921.4104749645242,0,1541,1357,-115.37315370254444,-220.03741403753403,0
93,1,7,-1,gate_activate,pre_activate,1830,0.015625,0.23046875,8,0,-67.745116897148563,-197.15051027747603,-197.172006538044,-197.172006538044,-197.172006538044,50.990826670545204,0.0005213267729652773,0.026582883118987127,60,31,4,1918.1827058527156,0,1420,1357,-174.30659903855394,-220.03741403753403,0
94,1,7,-1,gate_activate,post_activate,1830,0.015625,0.23046875,8,1,-67.745116897148563,-197.15051027747603,-197.15051027747603,-197.172006538044,-197.172006538044,50.990826670545204,0.0005213267729652773,0.026582883118987127,60,31,4,4695.1884210462858,0,1420,1357,-174.30659903855394,-220.03741403753403,0
95,1,7,-1,gate_activate,pre_activate,1747,0.021484375,0.236328125,9,0,-34.089751377475793,-129.42897414432775,-129.47630663911372,-129.47630663911372,-129.47630663911372,227.9592937497502,0.00059356411356003267,0.13530845612234157,89,43,0,1.0000000000000001e+300,0,1597,1541,-143.57945957568302,-115.37315370254444,0
96,1,7,-1,gate_activate,post_activate,1747,0.021484375,0.236328125,9,1,-34.089751377475793,-129.42897414432775,-129.42897414432775,-129.47630663911372,-129.47630663911372,227.9592937497502,0.00059356411356003267,0.13530845612234157,89,43,4,4540.449874623353,0,1597,1541,-143.57945957568302,-115.37315370254444,0
97,1,7,-1,gate_promote,pre_promote,1408,0.0234375,0.2421875,7,0,-67.121505113832001,83.68767351597343,-67.121505113832001,-67.121505113832001,-67.121505113832001,126.13415838800164,0.050127301230307501,6.3227649529466756,530,264,0,19.949208823462239,0,1357,1358,-220.03741403753403,85.794403809870033,0
98,1,7,-1,gate_promote,post_promote,1408,0.0234375,0.2421875,7,1,-67.121505113832001,83.68767351597343,83.68767351597343,-67.121505113832001,-67.121505113832001,95.783740910820967,0.050127301230307501,4.8013804336024508,530,264,9.8261909246962905e-05,8.7660585376295597,0,1357,1358,-220.03741403753403,85.794403809870033,0
99,1,7,-1,gate_promote,pre_promote,1537,0.01953125,0.23046875,8,0,5.7108860115697269,5.8729279795792406,5.7108860115697269,5.7108860115697269,5.7108860115697269,182.5248095028646,0.0026991804157484407,0.49266739119834702,135,68,0,370.48283033081935,0,1394,1357,231.45918606067349,-220.03741403753403,0
100,1,7,-1,gate_promote,post_promote,1537,0.01953125,0.23046875,8,1,5.7108860115697269,5.8729279795792406,5.8729279795792406,5.7108860115697269,5.7108860115697269,182.5248095028646,0.0026991804157484407,0.49266739119834702,135,68,4,543.91530528967075,0,1394,1357,231.45918606067349,-220.03741403753403,0
101,1,7,-1,gate_promote,pre_promote,1598,0.01953125,0.24609375,8,0,-3.8120180276227273,-3.0612911585988671,-3.8120180276227273,-3.8120180276227273,-3.8120180276227273,36.630762088797233,0.078398431817864392,2.8717943040549816,239,125,0,12.755357177592591,0,1408,1404,83.68767351597343,-91.311709571218884,0
102,1,7,-1,gate_promote,post_promote,1598,0.01953125,0.24609375,8,1,-3.8120180276227273,-3.0612911585988671,-3.0612911585988671,-3.8120180276227273,-3.8120180276227273,36.630762088797233,0.078398431817864392,2.8717943040549816,239,125,4,13.861556339173665,0,1408,1404,83.68767351597343,-91.311709571218884,0
103,1,7,-1,gate_promote,pre_promote,1541,0.0234375,0.234375,7,0,-115.37315370254444,-110.67052223798871,-115.37315370254444,-115.37315370254444,-115.37315370254444,-53.899550673381952,0.0023610017703849209,-0.12725693456280654,148,74,0,423.54902590224111,0,1407,1357,-10.708893367554836,-220.03741403753403,0
104,1,7,-1,gate_promote,post_promote,1541,0.0234375,0.234375,7,1,-115.37315370254444,-110.67052223798871,-110.67052223798871,-115.37315370254444,-115.37315370254444,-54.287630722410313,0.0023610017703849209,-0.12817319224561358,148,74,9.8261909246962905e-05,364.79149508537773,0,1407,1357,-10.708893367554836,-220.03741403753403,0
105,1,7,-1,gate_activate,pre_activate,1749,0.017578125,0.23828125,9,0,-30.376153884079276,-128.23506086135478,-128.25177623114644,-128.25177623114644,-128.25177623114644,-23.146614523777593,0.0011524286449091888,-0.026674821609872362,30,12,0,4127.9596493342169,0,1603,1597,-188.32868220151255,-68.174870260780295,0
106,1,7,-1,gate_activate,post_activate,1749,0.017578125,0.23828125,9,1,-30.376153884079276,-128.23506086135478,-128.23506086135478,-128.25177623114644,-128.25177623114644,-23.146614523777593,0.0011524286449091888,-0.026674821609872362,30,12,4,1983.386666148534,0,1603,1597,-188.32868220151255,-68.174870260780295,0
107,1,7,-1,gate_promote,pre_promote,1601,0.015625,0.24609375,8,0,-123.49313568779766,-123.46806817708857,-123.49313568779766,-123.49313568779766,-123.49313568779766,27.415553279147186,0.00143460452577521,0.039330476810895951,100,52,0,697.05621447111707,0,1404,1490,-91.311709571218884,-155.67456180437645,0
108,1,7,-1,gate_promote,post_promote,1601,0.015625,0.24609375,8,1,-123.49313568779766,-123.46806817708857,-123.46806817708857,-123.49313568779766,-123.49313568779766,27.415553279147186,0.00143460452577521,0.039330476810895951,100,52,4,1584.6283656931698,0,1404,1490,-91.311709571218884,-155.67456180437645,0
109,1,7,-1,gate_activate,pre_activate,1809,0.02734375,0.25,8,0,45.947882789364371,41.424505982835676,41.517875464597807,41.517875464597807,41.517875464597807,-109.26370284672585,0.0024479082838113082,-0.2674675233183974,105,57,0,659.73409540900491,0,1489,1358,-2.7586528806744255,85.794403809870033,0
110,1,7,-1,gate_activate,post_activate,1809,0.02734375,0.25,8,1,45.947882789364371,41.424505982835676,41.424505982835676,41.517875464597807,41.517875464597807,-109.26370284672585,0.0024479082838113082,-0.2674675233183974,105,57,4,410.48073267042565,0,1489,1358,-2.7586528806744255,85.794403809870033,0
111,1,7,-1,gate_promote,pre_promote,1594,0.013671875,0.236328125,9,0,-237.09519898429704,-237.09002626990764,-237.09519898429704,-237.09519898429704,-237.09519898429704,-15.304158951421329,0.0011697722700660348,-0.017902380758055555,49,26,0,854.86724689032769,0,1357,1484,-220.03741403753403,-254.15298393106008,0
112,1,7,-1,gate_promote,post_promote,1594,0.013671875,0.236328125,9,1,-237.09519898429704,-237.09002626990764,-237.09002626990764,-237.09519898429704,-237.09519898429704,-15.304158951421329,0.0011697722700660348,-0.017902380758055555,49,26,4,6192.881130095604,0,1357,1484,-220.03741403753403,-254.15298393106008,0
113,1,7,-1,gate_promote,pre_promote,1490,0.015625,0.2421875,7,0,-155.67456180437645,-64.982020858480638,-155.67456180437645,-155.67456180437645,-155.67456180437645,24.715654586007712,0.016821266011050193,0.4157486004284684,131,66,0,59.448557518981147,0,1404,1357,-91.311709571218884,-220.03741403753403,0
114,1,7,-1,gate_promote,post_promote,1490,0.015625,0.2421875,7,1,-155.67456180437645,-64.982020858480638,-64.982020858480638,-155.67456180437645,-155.67456180437645,-47.278053607852485,0.016821266011050193,-0.79527671622237794,131,66,9.8261909246962905e-05,25.799672522856078,0,1404,1357,-91.311709571218884,-220.03741403753403,0
115,1,7,-1,gate_activate,pre_activate,1813,0.017578125,0.24609375,9,0,-2.0762604038872929,-63.248056006118567,-63.264679667843716,-63.264679667843716,-63.264679667843716,30.197268471242079,0.0010686443856916116,0.032270141415015163,36,20,0,1272.7325103466912,0,1601,1598,-123.46806817708857,-3.0612911585988671,0
116,1,7,-1,gate_activate,post_activate,1813,0.017578125,0.24609375,9,1,-2.0762604038872929,-63.248056006118567,-63.248056006118567,-63.264679667843716,-63.264679667843716,30.197268471242079,0.0010686443856916116,0.032270141415015163,36,20,4,1798.1203636256826,0,1601,1598,-123.46806817708857,-3.0612911585988671,0
117,1,7,-1,gate_promote,pre_promote,1746,0.0234375,0.23828125,8,0,-13.491424361007638,-13.532989726856895,-13.491424361007638,-13.491424361007638,-13.491424361007638,-54.153186662423337,0.0037174010618749431,-0.20130911360280451,109,50,0,269.00514185995058,0,1541,1408,-110.67052223798871,83.68767351597343,0
118,1,7,-1,gate_promote,post_promote,1746,0.0234375,0.23828125,8,1,-13.491424361007638,-13.532989726856895,-13.532989726856895,-13.491424361007638,-13.491424361007638,-54.153186662423337,0.0037174010618749431,-0.20130911360280451,109,50,4,305.51903999737596,0,1541,1408,-110.67052223798871,83.68767351597343,0
119,1,7,-1,gate_promote,pre_promote,1599,0.02734375,0.24609375,8,0,84.741038662921738,84.607777687995593,84.741038662921738,84.741038662921738,84.741038662921738,89.789402797354668,0.11966762345671997,10.744884444357597,224,111,4,8.3564791471075601,0,1408,1358,83.68767351597343,85.794403809870033,0
120,1,7,-1,gate_promote,post_promote,1599,0.02734375,0.24609375,8,1,84.741038662921738,84.607777687995593,84.607777687995593,84.741038662921738,84.741038662921738,89.789402797354668,0.11966762345671997,10.744884444357597,224,111,4,6.1731100394678373,0,1408,1358,83.68767351597343,85.794403809870033,0
121,1,7,-1,gate_promote,pre_promote,1740,0.017578125,0.236328125,9,0,-144.10614214915717,-144.11206113385978,-144.10614214915717,-144.10614214915717,-144.10614214915717,-66.550454182572366,0.0026201313373735461,-0.17437093052020022,33,17,4,296.27446350981961,0,1357,1597,-220.03741403753403,-68.174870260780295,0
122,1,7,-1,gate_promote,post_promote,1740,0.017578125,0.236328125,9,1,-144.10614214915717,-144.11206113385978,-144.11206113385978,-144.10614214915717,-144.10614214915717,-66.550454182572366,0.0026201313373735461,-0.17437093052020022,33,17,4,1461.5045162550477,0,1357,1597,-220.03741403753403,-68.174870260780295,0
123,1,7,-1,gate_activate,pre_activate,1810,0.0234375,0.24609375,8,0,24.337892560481116,40.576800824141856,40.464510317649498,40.464510317649498,40.464510317649498,105.86711578955794,0.008702818611489381,0.92134230563806618,146,76,4,114.90530190756925,0,1489,1408,-2.7586528806744255,83.68767351597343,0
124,1,7,-1,gate_activate,post_activate,1810,0.0234375,0.24609375,8,1,24.337892560481116,40.576800824141856,40.576800824141856,40.464510317649498,40.464510317649498,105.86711578955794,0.008702818611489381,0.92134230563806618,146,76,4,93.619078166608958,0,1489,1408,-2.7586528806744255,83.68767351597343,0
125,1,7,-1,gate_activate,pre_activate,1539,0.0390625,0.234375,7,0,91.360665405994865,21.654075308172505,-72.906301386138523,-72.906301386138523,-72.906301386138523,143.78571062522064,8.0508928465208832e-05,0.011576033491045107,8,4,0,12420.98268310815,0,1407,1362,-10.708893367554836,-135.1037094047222,0
126,1,7,-1,gate_activate,post_activate,1539,0.0390625,0.234375,7,1,91.360665405994865,21.654075308172505,21.654075308172505,-72.906301386138523,-72.906301386138523,143.78571062522064,8.0508928465208832e-05,0.011576033491045107,8,4,9.8261909246962905e-05,10199.685518357275,0,1407,1362,-10.708893367554836,-135.1037094047222,0
127,1,8,-1,gate_activate,pre_activate,1940,0.017578125,0.23046875,9,0,-95.730560263237138,-98.902967996587421,-98.916275357805517,-98.916275357805517,-98.916275357805517,1924.9247999227584,2.9521227830889968e-05,0.056826143575850037,11,4,0,39447.31495909574,0,1830,1537,-200.12042555870741,2.2878748430963736,0
128,1,8,-1,gate_activate,post_activate,1940,0.017578125,0.23046875,9,1,-95.730560263237138,-98.902967996587421,-98.902967996587421,-98.916275357805517,-98.916275357805517,1924.9247999227584,2.9521227830889968e-05,0.056826143575850037,11,4,4,90888.845622394612,0,1830,1537,-200.12042555870741,2.2878748430963736,0
129,1,8,-1,gate_activate,pre_activate,1955,0.02734375,0.2421875,8,0,-14.789374946337201,45.516198230833211,45.688477800736031,45.688477800736031,45.688477800736031,-198.78652384498244,0.0025033617445884256,-0.49763457913324388,118,60,4,399.46284317946572,0,1538,1408,-2.8633925019172288,94.240348103389294,0
130,1,8,-1,gate_activate,post_activate,1955,0.02734375,0.2421875,8,1,-14.789374946337201,45.516198230833211,45.516198230833211,45.688477800736031,45.688477800736031,-198.78652384498244,0.0025033617445884256,-0.49763457913324388,118,60,4,254.8044673096656,0,1538,1408,-2.8633925019172288,94.240348103389294,0
131,1,8,-1,gate_promote,pre_promote,1923,0.017578125,0.232421875,9,0,-113.78413048297843,-113.70438506140172,-113.78413048297843,-113.78413048297843,-113.78413048297843,163.18312560663901,0.001625174020764371,0.26520097636303891,37,18,0,615.31872108666141,0,1537,1357,2.2878748430963736,-229.85613580905323,0
132,1,8,-1,gate_promote,post_promote,1923,0.017578125,0.232421875,9,1,-113.78413048297843,-113.70438506140172,-113.70438506140172,-113.78413048297843,-113.78413048297843,163.18312560663901,0.001625174020764371,0.26520097636303891,37,18,4,2006.1178741920867,0,1537,1357,2.2878748430963736,-229.85613580905323,0
133,1,8,-1,gate_activate,pre_activate,1939,0.015625,0.232421875,9,0,-208.60471028778903,-214.98933932505258,-214.9882806838803,-214.9882806838803,-214.9882806838803,-95.208495396192987,0.00014794350571049704,-0.014085478582334509,19,10,0,1.0000000000000001e+300,0,1830,1357,-200.12042555870741,-229.85613580905323,0
134,1,8,-1,gate_activate,post_activate,1939,0.015625,0.232421875,9,1,-208.60471028778903,-214.98933932505258,-214.98933932505258,-214.9882806838803,-214.9882806838803,-95.208495396192987,0.00014794350571049704,-0.014085478582334509,19,10,4,22070.94961813368,0,1830,1357,-200.12042555870741,-229.85613580905323,0
135,1,8,-1,gate_activate,pre_activate,1964,0.0205078125,0.2353515625,10,0,-148.56595363919701,-142.73378275969898,-142.7915308985383,-142.7915308985383,-142.7915308985383,236.61486477366472,0.00038252867746695616,0.09051197129089264,26,11,0,47090.441234966813,0,1747,1745,-102.28521340035756,-183.29784839671902,0
136,1,8,-1,gate_activate,post_activate,1964,0.0205078125,0.2353515625,10,1,-148.56595363919701,-142.73378275969898,-142.73378275969898,-142.7915308985383,-142.7915308985383,236.61486477366472,0.00038252867746695616,0.09051197129089264,26,11,4,6829.7097136759285,0,1747,1745,-102.28521340035756,-183.29784839671902,0
137,1,8,-1,gate_activate,pre_activate,1996,0.025390625,0.244140625,9,0,84.214356089447591,84.935387026689014,85.050223994393178,85.050223994393178,85.050223994393178,-54.014800505092339,0.0027332885927170356,-0.14763803805845527,70,36,4,365.85964711686239,0,1408,1599,94.240348103389294,75.860099885397048,0
138,1,8,-1,gate_activate,post_activate,1996,0.025390625,0.244140625,9,1,84.214356089447591,84.935387026689014,84.935387026689014,85.050223994393178,85.050223994393178,-54.014800505092339,0.0027332885927170356,-0.14763803805845527,70,36,4,224.10982057906529,0,1408,1599,94.240348103389294,75.860099885397048,0
139,1,8,-1,gate_activate,pre_activate,1742,0.021484375,0.240234375,9,0,-8.8404775084643354,13.168763134676517,13.216227125278664,13.216227125278664,13.216227125278664,-217.31216188061256,0.00075993913017714961,-0.16514401527646863,101,46,4,1315.8948661676229,0,1597,1408,-67.807893852831967,94.240348103389294,0
140,1,8,-1,gate_activate,post_activate,1742,0.021484375,0.240234375,9,1,-8.8404775084643354,13.168763134676517,13.168763134676517,13.216227125278664,13.216227125278664,-217.31216188061256,0.00075993913017714961,-0.16514401527646863,101,46,4,1271.6360556142342,0,1597,1408,-67.807893852831967,94.240348103389294,0
141,1,9,-1,gate_activate,pre_activate,2079,0.021484375,0.23046875,9,0,25.459151439866382,25.999971570833125,25.976682341343803,25.976682341343803,25.976682341343803,695.01446352895346,5.4378758140383067e-05,0.037794023416309046,16,7,0,1.0000000000000001e+300,0,1744,1537,49.124214650768366,2.8291500319192404,0
142,1,9,-1,gate_activate,post_activate,2079,0.021484375,0.23046875,9,1,25.459151439866382,25.999971570833125,25.999971570833125,25.976682341343803,25.976682341343803,695.01446352895346,5.4378758140383067e-05,0.037794023416309046,16,7,4,18744.591986185795,0,1744,1537,49.124214650768366,2.8291500319192404,0
143,1,9,-1,gate_activate,pre_activate,2055,0.025390625,0.2421875,9,0,69.964412952062659,71.710949242090521,71.828642535407752,71.828642535407752,71.828642535407752,-136.06043827828313,0.0021227685043990674,-0.28882481307187269,54,31,0,1.0000000000000001e+300,0,1955,1408,46.297536876996794,97.359748193818703,0
144,1,9,-1,gate_activate,post_activate,2055,0.025390625,0.2421875,9,1,69.964412952062659,71.710949242090521,71.710949242090521,71.828642535407752,71.828642535407752,-136.06043827828313,0.0021227685043990674,-0.28882481307187269,54,31,4,382.04687413301428,0,1955,1408,46.297536876996794,97.359748193818703,0
145,1,10,-1,gate_activate,pre_activate,2131,0.0263671875,0.2421875,10,0,59.063089706202277,58.789284313700165,58.814813823568031,58.814813823568031,58.814813823568031,-176.91149113824369,0.00043320196676285312,-0.076638405904036228,21,9,0,3543.0289844926351,0,1955,2055,46.059259466005273,71.570368181130789,0
146,1,10,-1,gate_activate,post_activate,2131,0.0263671875,0.2421875,10,1,59.063089706202277,58.789284313700165,58.789284313700165,58.814813823568031,58.814813823568031,-176.91149113824369,0.00043320196676285312,-0.076638405904036228,21,9,4,2280.4237114672078,0,1955,2055,46.059259466005273,71.570368181130789,0
