id,depth,weld,adm,px,py,dh,gt,gh,npool
1040,1,0,0,173.5,6.299499999999999,-0.04261840984832212,0.2791871941553836,-0.19917887861447525,2332
1041,1,0,0,0.0,6.299499999999999,-0.37638785675475034,0.24738535122332905,0.6262565493605052,269
1042,1,0,0,173.5,10.828,0.10065861831579073,-0.014184963106337989,-0.03177460499559004,9
1045,2,0,0,86.75,4.03525,-0.2434091947433057,57.8802637787594,68.46097251246101,8717
1046,2,0,0,86.75,8.563749999999999,0.08514460773797218,-0.05103168573874939,-0.00870901396192636,19
1047,2,0,0,260.25,8.563749999999999,-0.21435056379143147,0.31803495571830354,0.5019730364835482,146
1048,2,0,0,260.25,4.03525,-0.12101667810243798,0.11798303151653045,0.6868294132963229,160
1049,2,0,0,0.0,8.563749999999999,-0.2838541234024304,0.1025327181026956,0.3643459058261236,21
1050,2,0,0,86.75,6.299499999999999,-0.26235521505042825,1.1087633135794022,-0.3068019453512534,977
1051,2,0,0,0.0,4.03525,-2.278096725268512,6.057735047510473,9.194666250806076,40
1052,2,0,0,173.5,4.03525,-0.03666458742533071,0.019902861199625477,0.3396895939786191,966
1053,2,0,0,86.75,1.771,-0.5708693762466513,0.9918070432643162,0.7024849228391759,42
1056,2,0,0,173.5,8.563749999999999,-0.3027971564779587,0.20731424464078785,-0.06598941858115381,22
1058,2,0,0,260.25,6.299499999999999,-0.19754423592053375,0.20864836755163196,0.322874276898915,152
1059,2,0,0,347.0,4.03525,-0.18166591102020432,0.2367689727299762,0.18334207241957756,124
1061,3,0,0,43.375,2.9031249999999997,-0.3348755471640964,8.544055105478037,15.051643111277372,583
1062,3,0,0,43.375,5.167375,-0.3499891574288525,3.777886070358363,-0.26323334399239684,1033
1063,3,0,0,130.125,5.167375,-0.1233748982587494,13.995443006519054,5.190907170646824,5308
1064,3,0,0,130.125,2.9031249999999997,-0.658825559261541,12.422699040471343,20.22040440337878,2349
1065,3,0,0,0.0,5.167375,-1.113584315222437,27.976437865589105,27.080923016928864,1745
1066,3,0,0,43.375,4.03525,-0.738194971729207,215.79180445621023,167.9341147058003,6588
1067,3,0,0,0.0,2.9031249999999997,0.007945388237251112,-0.029046891057987523,0.08686411049257003,103
1068,3,0,0,130.125,7.4316249999999995,-0.13905149481467732,0.31603450340935524,-0.36204093192372966,529
1069,3,0,0,43.375,7.4316249999999995,-0.5863472234573645,1.5272331571035096,2.1411813907305657,69
1071,3,0,0,130.125,9.695874999999997,-0.3048218336979072,0.1913408672081509,-0.1068059770238392,16
1074,3,0,0,0.0,7.4316249999999995,-0.6317330714904555,0.6365443282847103,0.14372718039016874,22
1075,3,0,0,86.75,2.9031249999999997,-0.30165099116804667,20.521006550116,20.56681992362428,2032
1076,3,0,0,43.375,1.771,0.12640134285413973,0.1495964542893944,-0.26865561384352077,57
1078,3,0,0,43.375,6.299499999999999,-0.1837167003516164,0.19578757199087704,-1.095947041294039,120
1079,3,0,0,86.75,7.4316249999999995,-0.43803412446810286,0.4721762827750382,0.8225940793403623,36
1080,3,0,0,130.125,6.299499999999999,-0.1262548932891172,1.229225888131623,-0.6570179568752792,1731
1081,3,0,0,86.75,5.167375,-0.18577367502395395,2.7720492555381497,-1.3543949244121904,2056
1085,3,0,0,173.5,2.9031249999999997,0.4087427488248823,0.3435924889793682,-0.31891316198712616,40
1086,3,0,0,130.125,4.03525,-0.2784118280186182,9.175413302720699,4.524024443402595,3353
1087,3,0,0,173.5,5.167375,-0.08416175354392902,0.10170686703531828,-0.4700733912582109,583
1088,3,0,0,216.875,5.167375,-0.058989086492061554,0.17938335927192384,-0.1701046154857977,916
1089,3,0,0,303.625,5.167375,-0.24651632499354573,0.07700736499276672,0.3472618111918564,146
1090,3,0,0,303.625,2.9031249999999997,-0.07512545054422487,0.006673634489516189,0.22680893623052611,92
1091,3,0,0,216.875,2.9031249999999997,-0.1969193684560969,0.27785778254246907,0.48321019403510945,114
1092,3,0,0,216.875,4.03525,-0.027683443287255322,0.005692498124062695,0.06878745359904315,146
1093,3,0,0,216.875,7.4316249999999995,-0.10043652522780801,0.2211486365933979,-0.6241476440955012,501
1094,3,0,0,216.875,9.695874999999997,-0.34665875685571346,0.17302221226630365,0.22773482468872075,18
1096,3,0,0,303.625,7.4316249999999995,-0.048990091942924474,-0.0026843461894259235,0.015595932810100521,81
1097,3,0,0,173.5,9.695874999999997,-0.26398957780241966,0.15678903512982423,0.026144303553824244,8
1098,3,0,0,216.875,8.563749999999999,-0.21307455498827746,0.08438945529228192,0.07150901065708126,52
1099,3,0,0,173.5,7.4316249999999995,-0.20517968428405794,0.2385693911146518,-0.6914829273264331,232
1100,3,0,0,130.125,8.563749999999999,-0.17471120296233655,0.05416468511813122,-0.043540250759839694,17
1105,3,0,0,260.25,5.167375,-0.26261833025120956,0.2370623282270401,-0.19064060165234764,59
1106,3,0,0,216.875,6.299499999999999,-0.05661339582964112,0.1342343865244402,0.334700294920367,690
1107,3,0,0,260.25,7.4316249999999995,-0.089599390002061,0.06368677468344686,0.3406371189804531,137
1111,3,0,0,303.625,4.03525,-0.0776271303785724,0.03629985985202211,0.3289175595947995,169
1112,3,0,0,347.0,2.9031249999999997,-0.40243363280000705,0.20970206954857673,-0.16176103348605864,22
1113,3,0,0,347.0,5.167375,0.08066692233243453,0.015034814581103007,-0.006970834703331263,9
1114,3,0,0,303.625,8.563749999999999,-0.3350425976614341,0.20551251946260862,0.02234460654280923,35
1117,4,1,0,21.6875,2.3370625,-0.0055554903390122035,0.0002266831811539305,-0.008257796240627613,69
1118,4,0,1,21.6875,3.4691874999999994,-0.1659573034042361,1.2273818591056624,2.186756809016515,167
1119,4,1,0,65.0625,3.4691874999999994,-0.4810448505159658,27.492937246133806,34.47217056507361,3645
1120,4,1,0,65.0625,2.3370625,-0.37196735335297554,0.2348841178834391,0.4711867001176415,70
1121,4,0,1,0.0,3.4691874999999994,-0.037370132692551794,0.07771143904415112,0.14458475877380295,249
1122,4,0,1,21.6875,2.9031249999999997,0.1104710974624224,0.23711314723766463,-0.21815513860383362,71
1123,4,0,1,0.0,2.3370625,-0.3274458219960103,0.1810621380412929,0.052652172596873825,20
1124,4,1,0,65.0625,4.6013125,-0.2745931541501196,20.208694222914346,3.1948469579729135,2348
1125,4,1,0,21.6875,4.6013125,-0.9526990021284278,73.78466869024851,98.74450914943736,2245
1126,4,1,0,21.6875,5.733437499999999,-0.4323042279555205,18.732428751576663,18.330959225811966,1491
1129,4,0,1,21.6875,5.167375,-0.844143284905135,89.03638483580289,84.58125312524498,3477
1130,4,0,1,0.0,4.6013125,-2.8882262223401773,12.44256410626705,15.325033067820982,61
1148,4,1,0,21.6875,4.03525,-0.7957383241036641,37.364423129110946,50.35291062935721,1132
1149,4,1,0,43.375,4.6013125,-0.7223751252933043,44.78525346863171,46.129974244278856,3175
1151,4,1,0,43.375,3.4691874999999994,-0.513882626492049,44.468795079999836,34.48221767626819,1797
1164,4,0,1,65.0625,2.9031249999999997,0.02890869539907251,-0.007846602108202205,0.187456012804887,139
1325,5,1,0,32.53125,3.18615625,-0.5332642066407389,1.639824649621005,1.8460491339646978,181
1326,5,0,1,10.84375,3.18615625,-0.12472188248492996,-0.19167324850195655,-0.27275435975798246,22
1327,5,0,1,10.84375,3.7522187499999995,0.7253161831741483,-0.968606716454218,-0.09298847862218906,16
1328,5,0,1,32.53125,3.7522187499999995,-1.2583721068050195,100.04174576111836,96.53162019235606,1384
1329,5,0,1,10.84375,2.9031249999999997,-0.43915603913876866,-0.14860978487286047,-0.515875026690992,41
1330,5,1,0,21.6875,3.18615625,0.06195235154564498,0.00916685699627351,-0.010164954781027191,10
1333,5,1,0,10.84375,2.6200937499999997,-0.15101807130123862,0.02343631711906724,0.005023005655221624,22
1344,5,1,0,32.53125,4.884343749999999,-0.9612730072399934,47.906057404085004,50.054797229553515,1290
1345,5,1,0,32.53125,4.31828125,-0.794083092894029,134.6465942198265,166.26233075244818,2648
1346,5,0,1,10.84375,4.31828125,-0.3701665102311676,1.810836566208991,1.7818788312117704,297
1347,5,1,0,10.84375,4.884343749999999,-0.5421940244953881,30.100804831778078,15.898494443776144,1899
1348,5,1,0,21.6875,4.884343749999999,-0.7791690605221553,98.6489284527488,84.75289921113654,1966
1349,5,0,1,0.0,3.7522187499999995,-0.26902083849072184,0.5058981633147823,0.5267390488424191,109
1350,5,0,1,10.84375,3.4691874999999994,-1.288824553220268,10.536173160069666,7.780042354548641,166
1351,5,1,0,0.0,3.18615625,-0.34601804669951386,0.1935179114998391,1.0281215248965054,81
1355,6,1,0,16.265625,3.6107031249999997,-0.06762387384404349,0.020225494632541086,0.0051627769080369035,35
1356,6,0,1,5.421875,3.6107031249999997,-0.00685688873756377,-0.014832224546239559,0.02515420056374751,225
1357,6,0,1,5.421875,3.8937343749999997,-0.3497834122481354,0.8717311324388817,0.24188349979418433,95
1358,5,1,0,10.84375,4.03525,-1.6153940005808598,24.474342495464953,32.402782246750576,200
1359,5,1,0,21.6875,4.31828125,-1.1111799525605086,23.415852127003745,25.134686205361504,671
1361,5,1,0,21.6875,3.7522187499999995,-1.278979940593597,3.4322191283627035,-0.9266952343646153,51
1362,6,0,1,16.265625,3.8937343749999997,-1.5043638302817672,2.919036129813435,-1.0942701875883358,32
1363,6,0,1,5.421875,3.4691874999999994,-0.8135652314241442,13.659500748020946,2.926591379553429,470
1364,6,0,1,10.84375,3.6107031249999997,-1.5951831229155726,2.7004656509097913,9.010696609511797,74
1366,6,1,0,16.265625,3.3276718749999996,-0.48282650099428726,0.3019980090968488,-0.24401418894833427,8
1368,6,0,1,5.421875,3.0446406249999995,-0.2119510693311776,0.05040603137695143,3.073685518912498,106
1369,6,0,1,5.421875,3.3276718749999996,-1.6382745755850936,5.233382156994821,7.988794176098509,67
1370,6,0,1,10.84375,3.3276718749999996,-1.1899586471129417,3.780756099262163,0.14652897506680063,17
1371,6,0,1,0.0,3.8937343749999997,-0.030216533619365438,0.028097670514902973,0.08308333675888235,114
1372,6,0,1,5.421875,3.7522187499999995,-1.1602679084358711,1.4614733828238684,-3.7246955106813573,112
1373,6,0,1,0.0,3.6107031249999997,0.2845818044307321,-0.22976018868892112,-0.2558202025982901,121
1394,7,0,1,8.1328125,3.8229765624999996,-4.458832274458054,23.974396479056168,29.785492705947348,34
1395,7,0,1,2.7109375,3.8229765624999996,-0.011227376434574063,0.004022910519523748,0.00024365379107393892,234
1396,7,0,1,2.7109375,3.9644921874999994,0.7629035040273361,-0.7907236785151674,-1.0186159966021293,63
1397,6,0,1,16.265625,4.459796874999999,-1.1891030615534055,34.807384303974686,49.641547716921195,855
1398,6,1,0,16.265625,4.176765625,-0.07173234076289997,0.0054005190998367425,-0.002040668490828068,8
1399,6,0,1,5.421875,4.176765625,-0.2805424157931467,0.3695251040657297,0.8815257424643725,49
1400,5,0,1,0.0,4.884343749999999,-0.6009169774428648,1.8338125842845443,2.565584527473959,144
1401,5,1,0,10.84375,4.6013125,-0.6394168738646608,30.144398565244046,34.25625511629187,1010
1402,5,0,1,0.0,4.31828125,2.8057926808664946,-0.8811748624720437,-1.8477719905959162,26
1403,6,0,1,5.421875,4.459796874999999,-0.5532207145275606,4.7596971532584575,7.81019887869229,560
1404,6,0,1,5.421875,4.03525,-1.3902108227240548,9.56340752947574,3.4735507227224787,88
1405,6,1,0,10.84375,4.176765625,-1.3280136784319188,4.044534734621436,-4.042178647593403,49
1406,6,1,0,16.265625,4.03525,-0.15518169600941645,0.10686763402827637,0.7316159227066237,30
1407,6,1,0,10.84375,3.8937343749999997,0.3450883055759898,0.268054262543842,-0.3353185644766157,38
1408,7,0,1,8.1328125,3.9644921874999994,-3.0028926972559105,51.94515846641934,26.931256521500018,104
1409,7,1,0,0.0,3.9644921874999994,-1.4108319960648854,2.947011752108973,1.3649306726216897,26
1410,7,0,1,2.7109375,3.8937343749999997,-0.581543395837357,0.8561214895001683,3.690421394336397,256
1412,7,1,0,8.1328125,3.6814609375,-0.7440383148130396,0.6222996178312599,-1.0274620396498904,27
1413,7,1,0,8.1328125,3.5399453124999996,-1.0774220834034787,15.57693606506382,8.689961465352098,182
1414,7,1,0,2.7109375,3.5399453124999996,-1.572716151215512,16.583527991666415,16.542056975604282,588
1415,7,0,1,2.7109375,3.6814609375,-0.6514180408833047,0.48507550838010616,0.7886904820927896,75
1416,7,1,0,0.0,3.6814609375,0.22382209942225634,0.05330393706858505,-0.02863022649651248,17
1417,7,1,0,2.7109375,3.6107031249999997,-0.2962275442252338,0.1805056361502011,0.4701119387528365,136
1418,7,0,1,0.0,3.5399453124999996,-0.07950204804668355,0.008834332080247975,0.07263989572410878,190
1420,7,1,0,5.421875,3.8229765624999996,0.5053652808599597,0.5666925017235656,3.881615323708189,74
1421,7,0,1,8.1328125,3.7522187499999995,0.0544435870001573,-0.08341574216750303,0.1006804669541026,27
1424,7,1,0,13.5546875,3.9644921874999994,-0.09781545419942238,0.11925819398402382,0.45589341275717743,44
1431,7,0,1,2.7109375,3.4691874999999994,-0.7764305313657305,5.556064429943945,5.465491537001071,276
1432,7,0,1,5.421875,3.5399453124999996,-1.2763370053168301,6.324132082488745,-1.885329531842217,177
1434,6,1,0,0.0,3.3276718749999996,0.6887465192720078,0.6128397394247447,-0.6539570739931237,36
1435,6,0,1,5.421875,3.18615625,0.19420432576158486,0.1246098631875796,-0.12360559305536878,13
1438,7,0,1,2.7109375,3.2569140625,-0.04320966412301509,0.0013950913130642562,0.00015663603405113857,20
1439,7,1,0,2.7109375,3.3984296874999997,-1.2448845844758505,5.885391635835219,4.8464582843203345,120
1440,7,0,1,8.1328125,3.3984296874999997,-2.386129835587655,8.257461961881745,26.625769878527535,56
1458,6,0,1,0.0,4.459796874999999,-0.36887707385553475,0.510588925668161,0.1752687929029264,30
1459,6,0,1,5.421875,4.31828125,-1.3591396103941227,3.3562545242120336,3.5014091117272983,180
1460,6,0,1,0.0,4.176765625,-0.02223115632125057,0.006264748192189806,0.004643941897313653,7
1477,8,0,1,1.35546875,3.6460820312499997,-0.5652175426594525,0.355341119775032,0.21056118402742574,28
1480,7,1,0,8.1328125,4.2475234375,-0.7325958853016878,0.6838208953393163,0.8185055387693856,32
1481,7,1,0,8.1328125,4.1060078125,-0.5658238992021907,1.4984450271523997,-3.4173393975110002,161
1482,7,1,0,2.7109375,4.1060078125,-1.5675701617559412,4.631025130501769,7.951772486887911,64
1483,7,0,1,2.7109375,4.2475234375,1.5600723822049845,-0.7562862906446577,-1.075076824065396,47
1484,8,0,1,4.06640625,3.9291132812499994,0.030764019425281248,0.002561483460951308,-0.03833074880188292,98
1485,8,1,0,1.35546875,3.9291132812499994,-0.15785814038013923,0.0321460994798457,0.18088724103681653,49
1486,8,1,0,1.35546875,3.9998710937499995,-1.7501653677419975,5.281605582793919,3.025801067088807,43
1487,7,0,1,2.7109375,4.03525,-1.454746788087385,6.662901836405382,5.462412669105802,84
1488,7,0,1,5.421875,4.1060078125,-0.5409376534850305,1.3019612156236064,1.604236458886831,86
1489,7,1,0,8.1328125,4.03525,-0.8787654823684686,10.939051853623823,8.990266186921872,300
1490,7,0,1,5.421875,3.9644921874999994,-1.3465563590074618,7.397149040732074,6.553278364385278,115
1491,8,0,1,4.06640625,3.9998710937499995,-1.117030364117313,2.2916967723030055,1.3498179768098595,66
1492,8,1,0,4.06640625,3.8583554687499997,-0.26850450016937544,0.16864006830880385,0.29794108072343306,173
1507,7,1,0,0.0,3.3984296874999997,0.12261950568177636,0.04373548221406054,-0.23884787040274347,115
1508,7,1,0,2.7109375,3.3276718749999996,-0.8899107062340266,1.0376987999312757,1.0194158233218236,21
1511,8,0,1,1.35546875,3.3630507812499997,-0.3787022485661126,0.1569750936489671,0.137331021698331,31
1512,8,1,0,1.35546875,3.4338085937499994,-0.6607091669013654,0.8236612435664483,0.27766882024895523,125
1536,8,1,0,6.77734375,3.7875976562499996,-0.9884059491618443,1.5280385212190168,0.664061665245697,27
1537,8,0,1,6.77734375,3.8583554687499997,0.36490278276784793,0.3966358406279653,-0.8606417418753836,41
1538,7,1,0,10.84375,3.9644921874999994,-0.26188252191682987,0.6745989645407917,0.9812817097936204,59
1539,7,0,1,13.5546875,3.8937343749999997,-0.06384002214806524,-0.024057327326474365,0.08936335801458739,8
1540,7,1,0,10.84375,3.8229765624999996,-0.7024291993225431,0.6439630901021758,0.8715700273003719,12
1541,7,0,1,8.1328125,3.8937343749999997,0.542987769695609,1.4922454747999154,-4.186655233815031,89
1542,8,1,0,9.48828125,3.8583554687499997,-0.8152887617383346,2.239615654670061,2.995116620930311,25
1560,8,0,1,2.7109375,3.9291132812499994,-0.05873640821324961,0.004431246935467925,0.12132280935724182,47
1561,8,1,0,4.06640625,3.8937343749999997,-0.10641361148841488,0.0323210000876486,0.32988924002040676,143
1564,6,1,0,16.265625,4.31828125,0.20669710382103015,0.04319422141164608,-0.07914827924310686,11
1582,6,0,1,16.265625,4.742828124999999,-0.5025191694403082,1.8227002589602534,1.7567523238699323,361
1583,6,0,1,5.421875,4.742828124999999,-0.9498923526426929,3.3728591250529405,0.6121006193269807,126
1586,6,0,1,5.421875,4.6013125,-0.7417282651847961,3.222578977441742,4.605471466400729,208
1587,6,0,1,10.84375,4.742828124999999,-0.45620093494660163,1.4486759170969208,-0.6096535858399648,137
1589,6,0,1,10.84375,4.459796874999999,-0.6834029918040689,31.645311143449362,43.45007122770039,992
1594,9,0,1,4.744140625,3.911423828125,0.07020263313461132,0.00917964750138367,-0.08428889535925776,49
1596,9,0,1,3.388671875,3.9468027343749994,0.49603156079761135,0.2792979780471825,-0.3820904965733707,43
1597,8,1,0,6.77734375,3.9291132812499994,-1.3042096081491081,7.995592508400279,-2.450439749013526,84
1598,8,0,1,6.77734375,3.9998710937499995,-0.21648049825506666,1.1073419386120804,3.9835966590671887,162
1599,8,0,1,9.48828125,3.9998710937499995,-1.5036485725370248,26.015417741116835,40.23536374233663,168
1600,8,1,0,9.48828125,3.9291132812499994,-0.5242335612866025,1.074842539015492,-0.54066257828282,42
1601,8,0,1,5.421875,3.9998710937499995,-1.3718926722991651,4.911214312178345,2.4690516324031933,100
1602,8,1,0,6.77734375,3.9644921874999994,-1.4705498031315969,10.888057178801319,4.382842591525332,109
1603,8,0,1,5.421875,3.9291132812499994,-0.4844056524649376,0.4862515036536479,-0.6937396436298968,109
1604,8,0,1,4.06640625,3.9644921874999994,-1.0272552212541013,1.625522209538893,0.6339029922047885,61
1605,9,0,1,4.744140625,3.9468027343749994,-0.5534061730557228,2.070026854525736,0.3875824845978997,47
1607,8,1,0,4.06640625,4.07062890625,-2.1289459200480856,10.572780449231217,10.456529863433204,80
1609,7,1,0,0.0,4.2475234375,-0.18564184876815115,0.036492310993063826,0.051543312915298456,17
1610,7,1,0,2.7109375,4.176765625,-0.45176000996581633,0.2480068733450107,0.08749399996581175,14
1615,8,1,0,4.06640625,4.03525,-1.585237769787973,4.935802282467492,4.125869125551155,54
1616,8,0,1,2.7109375,3.9998710937499995,-1.3995794882109414,2.6847827694937854,-1.7659810617719742,44
1617,9,0,1,3.388671875,3.9821816406249995,-0.7171984758518404,0.5794967908500546,0.11599248602100332,43
1618,9,1,0,3.388671875,4.017560546875,-1.0296145718731946,1.2467507407607137,1.1386791079984633,55
1619,9,0,1,4.744140625,4.017560546875,-1.2511633948069927,2.4674082036730596,0.8922612318599903,36
1620,9,1,0,4.744140625,3.9821816406249995,-0.1614876063888079,0.016825946462176944,0.2572958508566643,33
1621,7,0,1,8.1328125,4.389039062499999,-1.0889949704294277,16.742973723261002,35.918398323132806,353
1622,7,0,1,2.7109375,4.389039062499999,0.49578808034900523,-0.3136826516772402,-1.1948314560759883,129
1623,7,1,0,2.7109375,4.5305546875,-2.4553772012569017,16.69154849137705,13.684619388496614,152
1625,7,1,0,2.7109375,4.31828125,-1.1778937165163246,2.000131386522206,0.9608738233253984,50
1626,7,1,0,5.421875,4.389039062499999,-1.110493825059588,6.752197404814865,7.2489479124494665,209
1627,7,0,1,8.1328125,4.31828125,-2.137772019979873,8.261682652953652,12.967462990280183,92
1628,7,0,1,5.421875,4.2475234375,-0.3193023162581909,0.2498479622141918,0.41617051877520517,30
1630,7,0,1,2.7109375,4.459796874999999,-0.5464153030289488,1.297077743916546,-0.18149042937750437,100
1631,7,1,0,0.0,4.389039062499999,0.10811050582590498,0.01239942283703499,-0.03694436923334388,20
1632,8,0,1,4.06640625,4.212144531249999,-0.4861182880871166,0.2594374921726552,0.29317094166120405,16
1634,8,0,1,1.35546875,4.282902343749999,-0.13542981575762836,0.018906127893204783,0.008648091404231617,23
1635,8,1,0,4.06640625,4.282902343749999,-0.6635514350728237,0.48363150475400474,0.002511734462522952,45
1644,8,0,1,1.35546875,3.3984296874999997,0.2143279033336577,0.04989134728603517,-0.05739524561400522,24
1663,9,0,1,4.06640625,3.9468027343749994,0.3614521556610771,0.15955604281288416,-0.0432353737451292,25
1665,9,0,1,4.06640625,3.9821816406249995,-0.7957457796258617,0.8526099785014036,-0.21072859988992576,23
1670,8,1,0,1.35546875,3.9644921874999994,-0.39872664222762955,0.1767267393290055,0.33657583436479177,29
1682,9,1,0,3.388671875,3.9998710937499995,-0.35974316303440107,0.13718960668817637,-0.22715630515101637,23
1683,9,0,1,2.7109375,3.9821816406249995,-0.4510801119552237,0.22800654108302432,0.0842768207624589,27
1684,9,1,0,2.033203125,3.9821816406249995,-0.4610415672272757,0.24166390858707776,0.5493757319207342,19
1690,10,0,1,3.0498046875,3.9910263671874997,-0.11941686275658314,0.01843263898837577,0.03516792433139582,22
1691,10,0,1,3.7275390625,3.9910263671874997,-0.07611343716867051,0.005938793437732848,-0.004320826141622547,13
1700,7,1,0,10.84375,4.1060078125,-1.1742191962792272,5.404755189299749,0.035298797864186326,114
1701,7,0,1,8.1328125,4.176765625,-0.3191340660717917,-0.06328752524022718,0.262055627619759,35
1702,7,1,0,10.84375,4.2475234375,-0.556107015245232,0.3574207163229506,-1.6450121484217348,13
1703,7,1,0,13.5546875,4.2475234375,-0.11629588862695628,0.013551771360954312,-0.06901430318455226,11
1706,7,1,0,13.5546875,4.1060078125,-0.3805872069475113,0.34353964031922146,0.6050016675405061,61
1708,8,0,1,9.48828125,4.282902343749999,0.43335657267188754,0.23169999363344473,-0.18885027042645053,19
1715,8,0,1,4.06640625,4.2475234375,-0.12386792537423946,0.016756103605376715,0.07466155805191677,25
1717,8,0,1,4.06640625,4.424417968749999,-1.3420208522611374,2.9911044731164935,0.026448082401074657,103
1720,8,1,0,1.35546875,4.424417968749999,-0.2150545367905655,0.04887989931485037,-0.06848367313164339,21
1736,8,0,1,2.7109375,4.424417968749999,-0.08024157211546719,0.006689868163927137,-0.043685025804329314,27
1740,9,0,1,6.099609375,3.911423828125,-0.46945310815944374,0.5377655855388639,-1.0926296144760954,33
1741,9,1,0,6.099609375,3.9468027343749994,-1.1313407617445632,4.743215319143246,-2.8238366344924657,35
1742,9,0,1,7.455078125,3.9468027343749994,-3.088157846805807,23.808001880990673,13.94303649868948,101
1744,8,1,0,8.1328125,3.8583554687499997,-0.774381531707568,2.3755838207092523,6.194801558139574,36
1745,8,0,1,6.77734375,3.8937343749999997,-0.4715616221562087,0.47552790741909234,-2.200758835071383,71
1746,8,0,1,8.1328125,3.9291132812499994,-1.046913503255596,8.50779193214521,14.863420311605182,109
1747,9,0,1,7.455078125,3.911423828125,-0.08214109883806198,0.013044832549098828,0.08045347661362712,76
1749,9,0,1,6.099609375,3.9291132812499994,0.474864080220652,0.7219535547386755,1.559355093076931,30
1751,9,0,1,4.744140625,3.9291132812499994,0.6681693102991403,0.780394951432811,0.24369128914020166,24
1760,8,0,1,6.77734375,4.14138671875,0.13341846446672892,0.03542627629407491,-0.2994524495866244,40
1762,8,0,1,9.48828125,4.07062890625,-1.446609814556371,13.792704462991367,10.836035704406129,117
1763,8,1,0,6.77734375,4.07062890625,0.10618430710758821,0.06017092615201136,0.46104947224876014,123
1764,8,0,1,6.77734375,4.1060078125,-0.31846342897329444,0.16129363337375224,-0.4547889860200769,25
1805,9,1,0,6.099609375,3.9821816406249995,-0.664926663513274,2.5742499246958346,1.7908164935399782,45
1806,9,1,0,6.099609375,4.017560546875,-0.2347009439305961,0.26534649420338496,0.8445008276835679,32
1807,8,1,0,6.77734375,4.03525,-0.856107289788649,3.652322840764839,1.553186659396033,104
1809,8,0,1,9.48828125,4.03525,-2.1329875735501247,24.222251847683765,6.475079428385186,105
1810,8,0,1,8.1328125,3.9998710937499995,-1.0184648120746862,11.626076817487046,9.172138100348093,146
1813,9,0,1,6.099609375,3.9998710937499995,-0.05390408463078479,0.011474063229798048,0.32878818885388483,36
1830,8,0,1,5.421875,3.8583554687499997,0.29154596788748144,0.16282267728314537,0.05712724665936264,55
1831,8,0,1,6.77734375,3.8229765624999996,0.31116054669580895,0.22368854330038346,-1.2991023838072664,29
1832,9,1,0,4.744140625,3.8760449218749997,-1.2546725879141676,2.5264824271551305,-1.945070293513652,43
1921,9,1,0,7.455078125,3.8406660156249997,0.5377687346827471,0.34665970027111825,-2.307783499262392,27
1922,9,1,0,6.099609375,3.8406660156249997,0.9676083128273191,2.1592304327620084,0.25478274416232694,15
1923,9,0,1,6.099609375,3.8760449218749997,1.0755580650896672,3.7198957911141974,-4.042594433919589,37
1924,9,1,0,7.455078125,3.8760449218749997,-0.5985795679114746,0.5889577468163338,-1.0774492915388123,56
1933,9,1,0,7.455078125,3.8937343749999997,-0.01546151862379492,0.0002491618017188557,-0.00037175994862082007,18
1936,9,1,0,6.77734375,3.911423828125,1.092503474308183,2.7670760781579986,1.12200505803213,37
1939,9,0,1,5.421875,3.8760449218749997,-0.43764894750951533,0.22418436569357425,0.1921606949247554,19
1940,9,0,1,6.099609375,3.8583554687499997,1.1515247253268877,1.3878252659813484,-1.1636710633484597,11
1945,8,1,0,12.19921875,3.9291132812499994,-0.28517918762830674,0.197014933592925,-0.1235145500741055,23
1946,8,1,0,12.19921875,3.9998710937499995,-0.9764547330904496,4.390345163810707,4.657048107623268,92
1947,7,1,0,13.5546875,4.03525,-0.10542975542725179,0.10371962009958224,0.3319517095806077,43
1952,8,1,0,10.84375,3.9998710937499995,-1.0484733654367815,11.300626254349481,8.903022360223645,105
1954,8,1,0,10.84375,3.9291132812499994,-1.1848607618750568,2.362176534694086,0.020301310271761963,17
1955,8,0,1,9.48828125,3.9644921874999994,-1.257725047239497,3.315910539143033,6.530751123892685,26
1956,9,1,0,8.810546875,3.9468027343749994,-0.616961641293211,1.6708534367169534,3.964853649392751,30
1957,9,1,0,10.166015625,3.9468027343749994,-0.6210207777602099,0.9938262892801006,-0.028191188801010014,15
1964,10,0,1,7.1162109375,3.9025791015624995,1.6528736846558516,5.325215541832762,-1.1043029475678452,26
1996,9,0,1,8.810546875,3.9821816406249995,-2.130765757181661,21.861274810806435,28.428301393667198,61
1999,9,1,0,10.166015625,3.9821816406249995,-1.7072333848432617,13.452797299194003,12.630737813579259,45
2054,9,1,0,9.48828125,3.9468027343749994,-0.03138780752244815,0.0011511208617491775,0.035710877236965644,13
2055,9,0,1,8.810546875,3.9644921874999994,-3.6836971664412395,40.22918879819656,28.661294579548596,54
2056,9,1,0,9.48828125,3.9821816406249995,-1.995491221255021,4.6054133642360995,6.448792803413625,31
2079,9,0,1,7.455078125,3.8583554687499997,0.16647720145549094,0.0317590498464142,-0.16357373793137242,16
2096,10,1,0,9.1494140625,3.9733369140624997,-2.7162244037945595,28.594733527508055,21.04294501402927,39
2128,10,1,0,9.1494140625,3.9556474609374996,-2.6869120056255067,20.051111481692402,10.972924386645701,30
2131,10,0,1,9.1494140625,3.9644921874999994,-2.205288833183456,8.031023687293114,12.07360284034165,21
