id,depth,weld,dh,gt,gh,npool,ipp,tier,x
1040,1,0,0.007567871956459134,0.018008076167461695,0.08974214160480187,2332,7.72215959153589e-06,free d<=7,-4.0
1041,1,0,-0.05646146826898226,-0.02080031202626742,0.012781085975120732,269,-7.732458002329896e-05,free d<=7,-4.0
1042,1,0,0.09967092488735102,-0.013639623631220843,-0.031690490667092064,9,-0.0015155137368023158,free d<=7,-4.0
1045,2,0,-0.0028342103827391084,0.037403535534394905,0.07606971188215539,8717,4.290872494481462e-06,free d<=7,-4.0
1046,2,0,0.05159051688146891,-0.03294875358598759,0.0007575446520036166,19,-0.001734144925578294,free d<=7,-4.0
1047,2,0,-0.09440068790176387,0.08404403349868517,0.1849368126703439,146,0.0005756440650594875,free d<=7,-3.239845968592811
1048,2,0,-0.03349005425257028,0.016467690400418178,0.19228468386637587,160,0.0001029230650026136,free d<=7,-3.9874872891746533
1049,2,0,-0.2742691644806458,0.09650749312935325,0.3547358213517313,21,0.0045955949109215835,free d<=7,-2.3376582601632543
1050,2,0,0.010567720901637448,0.0012223879821249284,0.15293631913300487,977,1.2511647718781252e-06,free d<=7,-4.0
1051,2,0,-2.252603954734487,6.128494972876101,9.657730907045508,40,0.15321237432190254,free d<=7,-0.8147061571401514
1052,2,0,0.004781044361180832,0.002640819698171981,-0.028346949821752787,966,2.7337678034906635e-06,free d<=7,-4.0
1053,2,0,-0.48654777662820703,0.9023972676134235,0.6647713199041618,42,0.021485649228891037,free d<=7,-1.667851518765514
1056,2,0,-0.3270926361828626,0.23555375902612852,-0.08518631429103607,22,0.010706989046642206,free d<=7,-1.9703326416120854
1058,2,0,-0.07381045350324301,0.04532090663326471,0.05357089091273792,152,0.0002981638594293731,free d<=7,-3.525544998715338
1059,2,0,-0.10109583936578903,0.09222877409280272,0.08203759613820694,124,0.00074378043623228,free d<=7,-3.12855524913933
1061,3,0,-0.15960406139678274,15.004457676048332,24.02821115599363,583,0.02573663409270726,free d<=7,-1.5894482519362334
1062,3,0,0.08817815062177316,1.0646693982653233,2.1463434949127986,1033,0.0010306576943517167,free d<=7,-2.9868855501756717
1063,3,0,0.0005543926693407882,0.0015769714082125574,0.13777444779407233,5308,2.970933323686054e-07,free d<=7,-4.0
1064,3,0,0.018703886581251685,0.05586379230953753,-1.1801326122003957,2349,2.3781946491927428e-05,free d<=7,-4.0
1065,3,0,-0.493024232050417,9.021001563256505,0.8080603315229382,1745,0.005169628403012324,free d<=7,-2.2865406732157774
1066,3,0,-0.011448272901517561,0.4634738192835357,-3.8219406155403703,6588,7.035121725615296e-05,free d<=7,-4.0
1067,3,0,-0.1932671140409139,1.9486086774754767,-8.789168037204945,103,0.01891853084927647,free d<=7,-1.7231125925021895
1068,3,0,-0.00018722029056075199,-6.163812031445559e-06,-0.000857769349750015,529,-1.165181858496325e-08,free d<=7,-4.0
1069,3,0,-0.52697648496263,1.3124646348419589,1.8510893957579526,69,0.01902122659191245,free d<=7,-1.7207614808306242
1071,3,0,-0.2751357373484207,0.16425246871090593,-0.1256350221773488,16,0.01026577929443162,free d<=7,-1.988608076938769
1074,3,0,-0.6166677387573325,0.6139597479325491,0.12394338587436948,22,0.027907261269661324,free d<=7,-1.5542827817067948
1075,3,0,0.006344330100544877,0.08367859675490763,-0.32465506558219204,2032,4.118041178883249e-05,free d<=7,-4.0
1076,3,0,0.268979981447111,0.6468749613063665,-0.7505418906886234,57,0.01134868353169064,free d<=7,-1.9450545145133455
1078,3,0,0.0020648087087776134,0.00016756814102336648,0.029487238331057597,120,1.3964011751947206e-06,free d<=7,-4.0
1079,3,0,-0.3039052686348245,0.26344374915103685,0.5975791580012597,36,0.007317881920862135,free d<=7,-2.1356146024377862
1080,3,0,-0.001742231194523434,0.0003205675384378992,-0.019134449670673348,1731,1.8519210770531438e-07,free d<=7,-4.0
1081,3,0,-0.0008292761638067179,2.4380460672546178e-05,-0.0434036392471171,2056,1.1858200716218958e-08,free d<=7,-4.0
1085,3,0,0.42702386425042993,0.4233285443063437,-0.4089024437201658,40,0.010583213607658593,free d<=7,-1.9753824381462184
1086,3,0,0.00341672403858179,0.0014446802451857366,0.20831165737035917,3353,4.308619878275385e-07,free d<=7,-4.0
1087,3,0,0.004482660534484323,0.0009557730654705665,0.054795058050331136,583,1.6394049150438533e-06,free d<=7,-4.0
1088,3,0,0.0004656307355628995,0.00012816619346267544,0.004801410816071439,916,1.3991942517759327e-07,free d<=7,-4.0
1089,3,0,0.15405577662833878,0.1758087468885492,-0.3255318381430925,146,0.0012041694992366383,free d<=7,-2.9193123773622043
1090,3,0,0.030425669819269495,0.0065084486039097555,-0.09821490745144956,92,7.074400656423647e-05,free d<=7,-4.0
1091,3,0,-0.20618672565586124,0.3685711931362903,0.361604026106761,114,0.003233080641546406,free d<=7,-2.4903834628051342
1092,3,0,-0.0008007481819739888,-1.7235870359399996e-05,0.001682246728478276,146,-1.1805390657123285e-07,free d<=7,-4.0
1093,3,0,-0.004609614485823881,0.001173404728206151,-0.03602984665076292,501,2.3421252060003017e-06,free d<=7,-4.0
1094,3,0,-0.33810769928450524,0.16636462516139972,0.22770383940185646,18,0.009242479175633318,free d<=7,-2.034211519269081
1096,3,0,0.0845463495655025,0.03576839771943696,-0.009495849230859221,81,0.00044158515703008596,free d<=7,-3.3549855329425027
1097,3,0,-0.28739033676565745,0.19458305876892368,0.02425273325001598,8,0.02432288234611546,free d<=7,-1.6139849609437356
1098,3,0,-0.11227970793185531,0.028297208193961865,0.020472502219831767,52,0.0005441770806531127,free d<=7,-3.2642597535439353
1099,3,0,0.017911363285872287,0.004231123901718092,0.08899416542635663,232,1.823760302464695e-05,free d<=7,-4.0
1100,3,0,-0.18908509135215892,0.06382501942758267,-0.09481114786647282,17,0.0037544129075048633,free d<=7,-2.4254579657078508
1105,3,0,-0.20414888321609695,0.1602763741573483,-0.20067508319432648,59,0.002716548714531327,free d<=7,-2.5659825025711958
1106,3,0,-0.0034600780795580213,0.0004412365160533227,0.02860307450782784,690,6.394732116714822e-07,free d<=7,-4.0
1107,3,0,0.027589403514298706,0.018308435905169063,-0.11253280775031271,137,0.00013363821828590557,free d<=7,-3.8740693231697767
1111,3,0,0.008870184249339875,0.0010800491955933467,-0.038373465958954966,169,6.390823642564181e-06,free d<=7,-4.0
1112,3,0,-0.37702095946319186,0.1868027211317269,-0.175177375493071,22,0.008491032778714859,free d<=7,-2.0710394825689984
1113,3,0,0.11549945942115905,0.025678433250973853,-0.00881732791037848,9,0.002853159250108206,free d<=7,-2.5446739873639315
1114,3,0,-0.2781182306408075,0.15092442982776788,-0.000770841740809658,35,0.004312126566507654,free d<=7,-2.365308500527908
1117,4,1,0.015886252094444227,0.0037144341606563103,0.0074742311313684695,69,5.3832379139946525e-05,weld,-4.0
1118,4,0,-0.012932649762685974,0.056574436221126234,-0.10286679589989944,167,0.00033876907916842057,free d<=7,-3.4700962363559715
1119,4,1,0.04804672054086902,5.065195348113775,5.088119368185289,3645,0.0013896283533919823,weld,-2.8571013333087567
1120,4,1,-0.8231139847688757,1.2342421436508175,1.136834475229307,70,0.01763203062358311,weld,-1.7536976685382901
1121,4,0,-0.2569350796467332,2.0102888018388967,0.8311115591540954,249,0.008073449003369064,free d<=7,-2.092940893637851
1122,4,0,0.06667881551877532,0.15231966836904576,-0.4093868252739412,71,0.002145347441817546,free d<=7,-2.6685023632252247
1123,4,0,-0.3046048303200724,0.1612074178975842,0.04354028413666633,20,0.00806037089487921,free d<=7,-2.093644973840891
1124,4,1,-0.024619057938753883,0.5927404771791771,0.3988697440800024,2348,0.0002524448369587637,weld,-3.597833507136244
1125,4,1,-0.03341277397667119,1.0681306360420422,3.041055273555685,2245,0.00047578202050870477,weld,-3.322591973693019
1126,4,1,0.015716109788016644,0.09079388852478587,1.4087067367363488,1491,6.089462677718703e-05,weld,-4.0
1129,4,0,0.031680235789385724,0.43982577734277584,1.718635712597461,3477,0.0001264957657011147,free d<=7,-3.8979240117483873
1130,4,0,-2.907188521022624,13.22657671334839,16.196844878774602,61,0.21682912644833427,free d<=7,-0.6638823798543317
1148,4,1,-0.07023573829275409,5.4823454516154015,11.991108483838616,1132,0.004843061353017139,weld,-2.3148800291760465
1149,4,1,0.14647894432654007,9.954003767910763,2.2436331278731814,3175,0.0031351192969797676,weld,-2.5037459288255213
1151,4,1,0.03923937129429353,5.90112294696155,-4.892368786997395,1797,0.0032838747618038674,weld,-2.48361341406619
1164,4,0,-0.03846375067378478,0.08177806735739068,-1.1137229942019076,139,0.000588331419837343,free d<=7,-3.230377957497976
1325,5,1,-0.03982290113474146,0.0691488776319602,1.304763349256973,181,0.00038203799796663094,weld,-3.417893439479563
1326,5,0,0.008193406043415646,0.0262332992242591,0.09359254953142226,22,0.0011924226920117771,free d<=7,-2.923569767861039
1327,5,0,-0.3220684726235425,0.838590020634367,-0.3101676779148619,16,0.05241187628964794,free d<=7,-1.2805702927367355
1328,5,0,0.011647840103534743,0.23810496914666146,1.441147725461633,1384,0.0001720411626782236,free d<=7,-3.764367631085218
1329,5,0,0.0663835347931047,0.15416048145198147,-0.7868177223222119,41,0.003760011742731255,free d<=7,-2.424810798743769
1330,5,1,0.10573375804949721,0.05993734207078205,-0.017816462444240955,10,0.005993734207078205,weld,-2.2223025198085686
1333,5,1,-0.14373209502454234,0.021274897291075234,0.004537484626059296,22,0.0009670407859579652,weld,-3.014555208706095
1344,5,1,-0.10935305177643587,3.218967360269744,-1.0812205350557633,1290,0.002495323535092825,weld,-2.6028731372565703
1345,5,1,0.02130931042720775,0.7570310733135557,-1.9518051271952572,2648,0.00028588786756554216,weld,-3.543804274726442
1346,5,0,-0.35505666778692035,1.8985353692967237,1.2784315432213589,297,0.00639237498079705,free d<=7,-2.1943377569552696
1347,5,1,0.08771981655147819,3.600938535080786,9.630222421503277,1899,0.0018962288231073124,weld,-2.722109256335203
1348,5,1,-0.0001351637306998229,3.567183739505708e-07,0.02186073637494701,1966,1.8144373039194854e-10,weld,-4.0
1349,5,0,-0.22527400110318238,0.4078830065766965,0.42474778617629383,109,0.0037420459318962982,free d<=7,-2.4268908860378584
1350,5,0,0.07197141866010015,0.6036165383084153,68.0458569334296,166,0.003636244206677201,free d<=7,-2.4393469576692923
1351,5,1,0.17936072251164406,0.09417512464119682,-5.725026157431785,81,0.001162655859767862,weld,-2.9345488152122834
1355,6,1,0.18832398336551534,2.5932859598324285,10.172924909153153,35,0.07409388456664082,weld,-1.1302176355910272
1356,6,0,0.28922503804345345,1.5590031445926797,-1.1470575610836704,225,0.006928902864856355,free d<=7,-2.159335526926452
1357,6,0,-0.02554467100414691,0.04593825688863262,0.014666890631090723,95,0.0004835605988277118,free d<=7,-3.315549093272037
1358,5,1,0.05481078488323029,1.7476548000777257,2.4392818967389758,200,0.008738274000388629,weld,-2.058574341522634
1359,5,1,-0.018824898437206514,0.09727054994436912,0.17784252666751854,671,0.00014496356176508065,weld,-3.8387411488896888
1361,5,1,-0.6222964193915355,1.3490462416248192,-2.2995490143885036,51,0.02645188709068273,weld,-1.5775433397408558
1362,6,0,-1.491361946642067,6.471682295326218,-4.711427536700285,32,0.20224007172894432,free d<=7,-0.6941327893654741
1363,6,0,0.0005492919941151898,0.0004441904657142004,1.871190799996839,470,9.450860972642562e-07,free d<=7,-4.0
1364,6,0,0.042565640937977545,0.20568488014032482,-15.261966007445153,74,0.002779525407301687,free d<=7,-2.556029351774552
1366,6,1,0.009744111951600206,0.00014132244967868246,0.005310035555069703,8,1.7665306209835308e-05,weld,-4.0
1368,6,0,0.009710216952368846,0.028334853921478498,-1.7263180190711864,106,0.0002673099426554575,free d<=7,-3.5729848872588224
1369,6,0,0.45817751834539033,3.038938911153025,-8.978611824326947,67,0.04535729718138843,free d<=7,-1.3433528327346724
1370,6,0,-0.48396235494588824,1.106272277440894,0.2238559402225917,17,0.06507483984946436,free d<=7,-1.186586892025173
1371,6,0,0.10334441106534265,-0.07248539055107273,-0.2819537527034157,114,-0.0006358367592199362,free d<=7,-4.0
1372,6,0,-1.0613847351806696,1.2157945009934252,-7.729863099677914,112,0.010855308044584153,free d<=7,-1.9643578479198447
1373,6,0,0.3329549472501784,-0.24877316990813014,-0.2801359123097953,121,-0.002055976610810993,free d<=7,-4.0
1394,7,0,-4.240183353648353,31.79048879764646,36.31379673584108,34,0.9350143764013665,free d<=7,-0.02918171154054811
1395,7,0,0.23906808813032615,0.05696241267716573,0.13478922875407306,234,0.00024342911400498175,free d<=7,-3.6136274815884177
1396,7,0,0.8282079598151527,-0.7472733356559367,-1.04348443922947,63,-0.011861481518348201,free d<=7,-4.0
1397,6,0,0.011974838345002752,0.1244976895468426,-2.1064517576014623,855,0.00014561133280332467,free d<=7,-3.8368048229459575
1398,6,1,0.07459296612824812,0.006523062847620054,0.003448064692747721,8,0.0008153828559525067,weld,-3.088638424161146
1399,6,0,-0.21510607690633843,0.2651366891400926,0.7677383520466812,49,0.005410952839593726,free d<=7,-2.2667262512445507
1400,5,0,-0.258344477388007,0.5492468817774636,0.9075182710683691,144,0.003814214456787942,free d<=7,-2.4185948921024925
1401,5,1,0.06957473665458944,2.6738092101950315,9.042415818523295,1010,0.002647335851678249,weld,-2.577190958858036
1402,5,0,2.8260400845588842,-0.8100985145026698,-1.8372648803375857,26,-0.031157635173179606,free d<=7,-4.0
1403,6,0,0.09177914251114692,0.30559881667659283,0.9842914057437611,560,0.0005457121726367729,free d<=7,-3.2630363587511773
1404,6,0,-1.4368796097581598,11.368185111006738,2.407547577162589,88,0.12918392171598567,free d<=7,-0.8887915354473074
1405,6,1,-0.9309421492434461,2.7762170851019334,-3.0471857302354977,49,0.05665749153269252,weld,-1.2467426574475229
1406,6,1,0.13516985686327193,0.5297914186385242,-16.291615200378146,30,0.017659713954617472,weld,-1.7530163352396109
1407,6,1,0.513480952522227,0.7074881987304593,-0.6417389363387187,38,0.018618110492906823,weld,-1.7300643966169296
1408,7,0,-0.8031332245580698,21.936513488219134,131.3545343360147,104,0.21092801430979938,free d<=7,-0.6758657358025575
1409,7,1,-1.4245276501111985,3.1626334928456563,1.3712858316535312,26,0.12163974972483294,weld,-0.914924482092817
1410,7,0,-0.4130215663162082,0.42871984805890406,13.964278548675225,256,0.001674686906480094,free d<=7,-2.776066375193049
1412,7,1,-1.1952146767788379,1.840551973351765,-2.14393656055627,27,0.06816859160562093,weld,-1.16641567863211
1413,7,1,-0.26936470621570907,3.1472557513900483,-726.2961097733205,182,0.01729261401862664,weld,-1.7621393521247977
1414,7,1,0.1817125895508156,1.9880443180973089,-11.53866691836447,588,0.0033810277518661717,weld,-2.4709512644803486
1415,7,0,0.18101661473869393,0.17343767588982928,-0.2678104216715269,75,0.002312502345197724,free d<=7,-2.6359178181539398
1416,7,1,0.2505422444552931,0.0666851477657282,-0.030764678489174635,17,0.003922655750925188,weld,-2.4064198035282867
1417,7,1,0.3874104141273207,0.3783395705223711,-0.5494499544788738,136,0.0027819086067821406,weld,-2.555657141857337
1418,7,0,0.002127469915085143,2.4732987107256577e-05,-0.0017445910798272735,190,1.3017361635398197e-07,free d<=7,-4.0
1420,7,1,0.6826186356639462,1.2011796017903578,9.69129018456971,74,0.01623215678095078,weld,-1.7896237712499097
1421,7,0,-0.3258307932247779,0.6700442598745155,-0.680046819436825,27,0.0248164540694265,free d<=7,-1.605260273123224
1424,7,1,0.10242511045876516,0.7575182339787716,-1.7733464345324137,44,0.017216323499517537,weld,-1.764059585422662
1431,7,0,0.00384821870107693,0.0033549782892805524,-0.09745413096243283,276,1.215571843942229e-05,free d<=7,-4.0
1432,7,0,-0.006582621635000742,0.0016974043372783854,-0.1473755262359191,177,9.589855012872234e-06,free d<=7,-4.0
1434,6,1,0.8004316747515126,0.8369235632896999,-0.7617569862759432,36,0.02324787675804722,weld,-1.633616705327622
1435,6,0,0.28083226910579207,0.2233429177990196,-0.18332788333173333,13,0.017180224446078432,free d<=7,-1.7649711667529357
1438,7,0,0.004708906926903276,0.00010779388259862799,-1.7042939382316824e-05,20,5.3896941299313996e-06,free d<=7,-4.0
1439,7,1,-1.143556863157779,6.10798611764011,4.209484346536129,120,0.05089988431366758,weld,-1.2932832047357934
1440,7,0,0.02182734560061405,0.05843984136322433,-0.8783526188058204,56,0.001043568595771863,free d<=7,-2.981478998648284
1458,6,0,-0.3654732854709965,0.5056559444738822,0.16571436601289946,30,0.016855198149129405,free d<=7,-1.7732661375620147
1459,6,0,0.22995703871189951,0.6633357925644532,-0.057198973576987555,180,0.0036851988475802957,free d<=7,-2.4335390733200075
1460,6,0,-0.02985420130014451,0.008649081334232145,0.007116423581177145,7,0.0012355830477474492,free d<=7,-2.90812805886868
1477,8,0,-0.549643438128941,0.33598850746306064,0.19562677846550147,28,0.011999589552252166,free d8+,-1.920833608805757
1480,7,1,-0.6976356024923202,0.6266081189669919,0.776579000623923,32,0.019581503717718496,weld,-1.7081539605802842
1481,7,1,-0.3537000926382236,0.9545551174758771,-3.0917690982289514,161,0.005928913773142094,weld,-2.227024865748963
1482,7,1,-1.3582151200835992,3.8710509686058785,7.631647080172346,64,0.06048517138446685,weld,-1.2183510844426229
1483,7,0,1.5835770929987902,-0.7337678762775777,-1.056843675629597,47,-0.015612082473991014,free d<=7,-4.0
1484,8,0,0.23670885577457285,0.16080174277765025,-2.2222708328128817,98,0.001640834109976023,free d8+,-2.784935324348376
1485,8,1,-0.1021422140751467,0.013489499559419471,0.1144200786781484,49,0.0002752959093759076,weld,-3.560200241743864
1486,8,1,-1.725592635459317,5.25435053428458,0.5623531196940377,43,0.12219419847173442,weld,-0.9129494130093683
1487,7,0,-1.4463483930154757,6.73511760810284,5.572767889800261,84,0.08017997152503381,free d<=7,-1.0959341023200055
1488,7,0,-0.5724081779904047,1.4391436435572302,1.6496078978237847,86,0.016734228413456165,free d<=7,-1.776394307417559
1489,7,1,0.44039826249138625,12.772930356521101,6.467022450391596,300,0.042576434521737004,weld,-1.3708307104967994
1490,7,0,0.24260240557539242,3.5225893284905396,-21.96665899129175,115,0.03063121155209165,free d<=7,-1.5138358252638802
1491,8,0,-1.0896966909683943,2.221032291964555,1.125863006173077,66,0.033652004423705376,free d8+,-1.4729890626664857
1492,8,1,-0.12565310002227287,0.03861617640687598,0.06444670871917424,173,0.00022321489252529467,weld,-3.651276833364415
1507,7,1,0.34991333562360155,0.7050679357311083,-0.6930498577071855,115,0.006131025528096593,weld,-2.212466875572586
1508,7,1,-0.8806109096829838,1.0324431160181096,1.031224428779149,21,0.049163957905624264,weld,-1.3083531618437314
1511,8,0,-0.367331434284741,0.1468335789588846,0.12800329232797636,31,0.004736567063189826,free d8+,-2.3245363093105293
1512,8,1,-0.5911723885541141,0.6837123811552601,0.08083361989466198,125,0.005469699049242081,weld,-2.2620365685201542
1536,8,1,-1.3426206745486915,2.9458266239215547,-3.288119267795821,27,0.1091046897748724,weld,-0.962156581221246
1537,8,0,1.967649060024138,41.11113442306214,-7.298770948765878,41,1.0027105956844424,free d8+,0.0011756041734465534
1538,7,1,-0.1461010577702088,0.3985074776376223,-3.191708073008499,59,0.00675436402775631,weld,-2.1704155366846964
1539,7,0,0.07789968299073116,0.04670341207256001,-0.13264085429857175,8,0.005837926509070002,free d<=7,-2.233741376443972
1540,7,1,-0.8023650120770164,0.9054033781024913,1.163981141702223,12,0.07545028150854094,weld,-1.1223391355122765
1541,7,0,0.9655473342543345,6.95595177471273,-10.256344749792731,89,0.07815676151362619,free d<=7,-1.1070334442470657
1542,8,1,-0.7805504988229846,2.492173583674699,3.3456328837909197,25,0.09968694334698797,weld,-1.001361720361222
1560,8,0,0.02140714752872303,0.000587684223631868,-0.045140935627808965,47,1.2503919651741872e-05,free d8+,-4.0
1561,8,1,0.4259524011180967,0.6073911435119612,-2.3508651892167336,143,0.004247490514069659,weld,-2.3718675823687
1564,6,1,0.29587296629743115,0.0888774766649405,-0.13034599346835307,11,0.008079770605903681,weld,-2.092600969176457
1582,6,0,-0.36978348615777973,1.3619489152411006,1.4929218250156282,361,0.003772711676568146,free d<=7,-2.4233463837892244
1583,6,0,-0.27064278735608266,0.47995758333718186,-0.8279951010048876,126,0.0038091871693427134,free d<=7,-2.4191676871931813
1586,6,0,-0.4161974751319127,1.466406698330161,2.814521406797553,208,0.007050032203510389,free d<=7,-2.151808899210741
1587,6,0,-0.35347522516774904,1.076344513191998,-0.5943028839288331,137,0.007856529293372248,free d<=7,-2.104769265871874
1589,6,0,0.007494065779884878,0.03273912823169667,-0.40530298553130706,992,3.3003153459371643e-05,free d<=7,-4.0
1594,9,0,0.6459792502662893,0.859857597695111,-0.8117359142347738,49,0.017548114238675735,free d8+,-1.755769546989625
1596,9,0,0.6410958422745902,0.46911879167541315,-0.5160890964426095,43,0.010909739341288678,free d8+,-1.962185625579606
1597,8,1,-1.1154986017857313,7.662024490816123,-14.10421047297541,84,0.09121457727162051,weld,-1.0399357502381978
1598,8,0,0.030091631424471757,0.43897943338106415,-16.67610210490966,162,0.002709749588772001,free d8+,-2.567070840948227
1599,8,0,0.2557922699080489,56.780357888212166,-21.678508860598072,168,0.33797832076316764,free d8+,-0.47111115615691485
1600,8,1,-0.3213323587486101,0.8388177807095758,-0.49402030055409796,42,0.019971851921656566,weld,-1.6995816626172207
1601,8,0,-0.29703102273145576,0.32699418716811124,1.1216516235640484,100,0.0032699418716811124,free d8+,-2.4854599675331444
1602,8,1,-1.6215561954408613,36.94701113212341,102.5895670703494,109,0.3389634048818661,weld,-0.4698471865041783
1603,8,0,-0.8965127042021267,3.963566246471487,-2.892755069878774,109,0.03636299308689438,free d8+,-1.4393403766155506
1604,8,0,-0.838430424212224,1.1266703340995434,0.6680652199805124,61,0.018470005477041695,free d8+,-1.7335329757753173
1605,9,0,-0.5919551780184918,7.59641795870732,0.2627715893281177,47,0.16162591401504936,free d8+,-0.7914890061142106
1607,8,1,-2.097027883587135,10.769561664010538,10.632708138430601,80,0.13461952080013173,weld,-0.8708919597176842
1609,7,1,-0.1768851672797674,0.03308900959633998,0.04708952419979995,17,0.0019464123291964694,weld,-2.7107651531087655
1610,7,1,-0.4112897312850648,0.2095389118342066,0.07280849443055715,14,0.014967065131014756,weld,-1.824863351451481
1615,8,1,-1.560476429782376,4.909967717053544,4.17254229796832,54,0.09092532809358414,weld,-1.0413151231687572
1616,8,0,-1.375207113422424,2.618195146589512,-5.414196378988763,44,0.05950443514976164,free d8+,-1.2254506630229947
1617,9,0,-0.7026640147956769,0.5582545050818304,0.0786745744406332,43,0.012982662908879776,free d8+,-1.886636219090415
1618,9,1,-1.0115981614121778,1.2080120628707576,1.0855179467129545,55,0.021963855688559228,weld,-1.6582914184441895
1619,9,0,-1.2607523322821048,2.6606315842652677,0.841187148891251,36,0.07390643289625744,free d8+,-1.1313177584961447
1620,9,1,0.9638471864549184,92.57387185606012,-4.110681653435179,33,2.805268844123034,weld,0.4479744883815542
1621,7,0,0.009980512433459056,0.023756332224365906,-0.45830787379350113,353,6.729839157044166e-05,free d<=7,-4.0
1622,7,0,0.6187620083724605,-0.2330161791947205,-1.4385048487967254,129,-0.0018063269705017094,free d<=7,-4.0
1623,7,1,-2.386633723542803,16.77567975871932,13.647169146817376,152,0.11036631420210079,weld,-0.9571634609231403
1625,7,1,-1.170776337845578,2.060861202211381,0.910162742374073,50,0.04121722404422762,weld,-1.3849212610495443
1626,7,1,0.2196124803002923,0.47173994721617873,-2.195667706324798,209,0.0022571289340487023,weld,-2.6464436319959916
1627,7,0,0.045136438542391674,0.050284193340417005,-0.5668141996903273,92,0.0005465673189175761,free d<=7,-3.262356339782181
1628,7,0,-0.2873175452315749,0.21223787732155586,0.3760549455816111,30,0.007074595910718529,free d<=7,-2.1502983612816933
1630,7,0,-0.5050783197208116,1.1645352070948647,-0.23514308437212605,100,0.011645352070948647,free d<=7,-1.9338473770169018
1631,7,1,0.1437490118681509,0.021865649187514435,-0.047526475322705375,20,0.0010932824593757218,weld,-2.961267619660222
1632,8,0,-0.49186794176499143,0.2671503395506125,0.2986327728337539,16,0.016696896221913282,free d8+,-1.7773642521442483
1634,8,0,-0.12800432962814015,0.016868246214865712,0.00770139329700259,23,0.0007334020093419874,free d8+,-3.13465790451321
1635,8,1,-0.6900569910290916,0.5337743569874682,-0.046797443561860774,45,0.011861652377499294,weld,-1.92585480773027
1644,8,0,0.2462836016673115,0.0652258100640033,-0.06352661875085364,24,0.0027177420860001376,free d8+,-2.5657917602384352
1663,9,0,0.5590277359657991,0.3872353583957242,-0.0635132669874734,25,0.015489414335828969,free d8+,-1.8099650028686987
1665,9,0,-0.7811814946997364,0.8316026552425901,-0.2930674409502778,23,0.03615663718446044,free d8+,-1.4418119686874493
1670,8,1,-0.36386358598100393,0.14743987771259093,0.30120085221536996,29,0.005084133714227273,weld,-2.293783035893914
1682,9,1,-0.3470627512045623,0.12794596611409048,-0.584594136939927,23,0.005562868091916978,weld,-2.254701238033605
1683,9,0,-0.4402638386468819,0.2180285494692118,0.06925684506480678,27,0.00807513146182266,free d8+,-2.092850398696002
1684,9,1,-0.4459712048098699,0.22584077149084658,0.5308492812239918,19,0.011886356394255082,weld,-1.9249512522253847
1690,10,0,-0.08852359121439216,0.010136787095156308,0.02323700191804967,22,0.00046076304977983216,free d8+,-3.3365223558004495
1691,10,0,-0.06821359910439692,0.004774262617952552,-0.005968038486845018,13,0.0003672509706117347,free d8+,-3.4350370477344017
1700,7,1,-0.5888008640407006,2.0248890660254233,0.6143826722298513,114,0.017762184789696697,weld,-1.7505036160488525
1701,7,0,0.07201841662248863,0.07732053238886749,-0.07590993798424961,35,0.002209158068253357,free d<=7,-2.6557732086581245
1702,7,1,-0.5547711577257873,0.3566424355932787,-1.8033019661225467,13,0.027434033507175284,weld,-1.5617103352635713
1703,7,1,-0.14585402476422993,0.021331097780195485,-0.1076473389570225,11,0.0019391907072904987,weld,-2.7123794786720836
1706,7,1,-0.35323500093917204,0.34111297969826637,0.6485549602534206,61,0.005592016060627317,weld,-2.252431589939091
1708,8,0,0.508930454592557,0.3229792270155478,-0.221006290700398,19,0.016998906685028833,free d8+,-1.7695790101469084
1715,8,0,-0.10755079083521144,0.012620235536510371,0.0620517075674063,25,0.0005048094214604149,free d8+,-3.296872548276428
1717,8,0,-1.3081390217642839,2.892160280790698,-0.24330216547618022,103,0.028079226027094156,free d8+,-1.551614867225803
1720,8,1,-0.20451502491090845,0.04412851586212657,-0.07114548879948579,21,0.0021013578981965036,weld,-2.6774999733081986
1736,8,0,-0.0648396360700866,0.004363272119936035,-0.03825846147396206,27,0.000161602671108742,free d8+,-3.7915514651072244
1740,9,0,-0.42454326147130184,0.7133724591667487,-1.306279864014158,33,0.021617347247477235,free d8+,-1.6651976011536405
1741,9,1,-1.2386020169530227,44.6709357860077,-7.12831239928704,35,1.2763124510287915,weld,0.10595700600476346
1742,9,0,-2.90642073328321,29.579652303868386,-1.0218711712847153,101,0.2928678445927563,free d8+,-0.5333283090372125
1744,8,1,-0.6556104203732268,2.125969611383823,6.708289465161556,36,0.05905471142732842,weld,-1.2287454483423053
1745,8,0,0.225921839018796,0.14227901976784096,10.111888763161744,71,0.002003929855885084,free d8+,-2.6981174842694604
1746,8,0,-0.5767371998208317,4.68526700141922,15.402854857819193,109,0.04298410093045156,free d8+,-1.3666921526765041
1747,9,0,0.6660172103807819,1.1532132024546513,0.6327850476569665,76,0.015173857927034885,free d8+,-1.8189039865559657
1749,9,0,0.6047543965187716,1.823236725858692,2.501332306251328,30,0.06077455752862306,free d8+,-1.2162781943698908
1751,9,0,0.9814310720535084,2.0573527888656145,0.7259289056582645,24,0.0857230328694006,free d8+,-1.0669024720778957
1760,8,0,0.9490083300353287,2.4484169420330346,-0.24159656121258877,40,0.061210423550825864,free d8+,-1.213174615352143
1762,8,0,-1.399691790353577,15.735414719309006,12.155279363034595,117,0.13449072409665816,free d8+,-0.8713076681712827
1763,8,1,0.2599780798704349,0.45630363499640225,2.9639088203174424,123,0.003709785650377254,weld,-2.430651182985406
1764,8,0,0.3927713796151366,0.28030639745799846,1.2358753800526756,25,0.011212255898319938,free d8+,-1.9503069988568065
1805,9,1,-0.5293207120732101,2.2009771981408335,33.739311576578984,45,0.04891060440312963,weld,-1.3105969704373108
1806,9,1,0.01028700129687913,0.0008786463936587552,-0.04980056904097552,32,2.74576998018361e-05,weld,-4.0
1807,8,1,-0.54699100815179,1.9787496358913472,0.7577901337670028,104,0.019026438806647568,weld,-1.720642491342654
1809,8,0,-1.9375773762000912,27.159767771361714,6.999991088402794,105,0.2586644549653497,free d8+,-0.5872632468652784
1810,8,0,0.5588150248597248,21.060054844709157,661.4868844809771,146,0.1442469509911586,free d8+,-0.8408933579414493
1813,9,0,0.0888660247571473,0.044832866217831224,-0.6455562091745506,36,0.0012453573949397561,free d8+,-2.9047059960572623
1830,8,0,1.6156032509525509,6.999902189025477,-0.40824371440427853,55,0.1272709488913723,free d8+,-0.8952707179175993
1831,8,0,0.4626246580295205,0.7542402319602104,-2.1771572514065554,29,0.02600828386069691,free d8+,-1.5848883034911074
1832,9,1,-1.2215698038958274,2.502668483146902,-3.1374177311592035,43,0.0582015926313233,weld,-1.235065131131351
1921,9,1,2.9604679853718006,17.631980958211784,-22.244185687297353,27,0.6530363317856216,weld,-0.18506265600658017
1922,9,1,1.568360518242906,9.275089187422097,8.575588040545398,15,0.6183392791614731,weld,-0.20877316465872778
1923,9,0,2.269034918521367,46.63996300753627,-24.42746017025523,37,1.2605395407442235,free d8+,0.10055647322364446
1924,9,1,-0.42377796230303166,0.36936759378838246,-8.397643090690337,56,0.006595849889078258,weld,-2.1807292367580855
1933,9,1,-0.005577849805131217,3.267694656372555e-05,-0.020448465470849442,18,1.815385920206975e-06,weld,-4.0
1936,9,1,1.7731184573650487,13.737524046788906,8.7264926125506,37,0.37128443369699743,weld,-0.4302932584259056
1939,9,0,-0.33891234207943705,0.1400781633798971,0.14231951842055324,19,0.007372534914731426,free d8+,-2.132383162046522
1940,9,0,4.510862751789653,22.405494590077893,-54.19305740295077,11,2.0368631445525356,free d8+,0.3089618500299505
1945,8,1,-0.13450774650591488,0.05881128063964525,-0.1340299087917458,23,0.0025570122017237063,weld,-2.592267199572948
1946,8,1,0.30753370364557364,3.562368940014494,32.047799047490116,92,0.038721401521896674,weld,-1.412048931781764
1947,7,1,0.058047043870456075,0.9167384458160086,10.292142902097112,43,0.021319498739907176,weld,-1.6712230105765857
1952,8,1,0.1589962168898372,2.858864043817448,5.3416998411926215,105,0.02722727660778522,weld,-1.5649957965359484
1954,8,1,-1.489384695840943,4.177375860177079,-0.4492837908365246,17,0.2457279917751223,weld,-0.6095453686276016
1955,8,0,-1.2535997768873917,3.862956223874079,9.817279981100128,26,0.14857523937977227,free d8+,-0.8280535613475222
1956,9,1,-0.46366274552729964,2.14320324821108,5.52884187794956,30,0.07144010827370266,weld,-1.1460578959079204
1957,9,1,-0.7262354613204509,1.6600052275315988,-0.5936656575654524,15,0.11066701516877325,weld,-0.9559818033743294
1964,10,0,3.6458670493919914,59.14344705414766,-18.828614829462737,26,2.274747963621064,free d8+,0.35693328491742854
1996,9,0,-0.9631829764042039,10.521642989286363,30.906405704026497,61,0.17248595064403874,free d8+,-0.7632462733805859
1999,9,1,-1.6865052673730005,19.02375435216169,15.077970494366468,45,0.4227500967147042,weld,-0.37391628437443697
2054,9,1,-0.21610184753576803,0.06913063648289608,0.2785365018723951,13,0.005317741267915083,weld,-2.2742727968747567
2055,9,0,-3.4962938048104464,60.928933835086156,40.84968347649135,54,1.1283135895386325,free d8+,0.05242981886624679
2056,9,1,-2.8227928597616767,10.279284184993429,14.690871006934074,31,0.33158981241914287,weld,-0.47939882093876063
2079,9,0,4.770284837233932,35.09294999181472,-9.2949439878643,16,2.19330937448842,free d8+,0.3410998948588966
2096,10,1,-2.6876739945557317,43.1147081938571,33.477959967349875,39,1.105505338304028,weld,0.043560844056645454
2128,10,1,-2.824800270846951,31.748511910800786,16.53571769587819,30,1.0582837303600263,weld,0.02460211950445035
2131,10,0,-2.4011282460125516,13.058490629801994,17.103945329641597,21,0.6218328871334283,free d8+,-0.20632631297330412
