analysis,mode,label,seed,heldout_pools,deviance_per_pool,x2_per_information,admitted_coefficients,final_faces,max_active_depth,runtime_seconds
"Existing fit, rescore without WALA 0",baseline_q10,"Shipped gate, q=.10",1,60018,6.611975041617714,0.15408816145431423,,,,
"Existing fit, rescore without WALA 0",baseline_q10,"Shipped gate, q=.10",2,59974,6.160413916642366,0.1378589884450797,,,,
"Existing fit, rescore without WALA 0",baseline_q10,"Shipped gate, q=.10",3,60055,6.740039978008262,0.15630896558414908,,,,
"Existing fit, rescore without WALA 0",baseline_q10,"Shipped gate, q=.10",4,60059,6.552406806360088,0.15413862127837794,,,,
"Existing fit, rescore without WALA 0",baseline_q10,"Shipped gate, q=.10",5,60053,6.599553909292292,0.15340614770706038,,,,
"Existing fit, rescore without WALA 0",baseline_q10,"Shipped gate, q=.10",6,60095,6.799946160517831,0.16610024736314324,,,,
"Existing fit, rescore without WALA 0",baseline_q10,"Shipped gate, q=.10",7,60115,6.404404994676119,0.14285675543264748,,,,
"Existing fit, rescore without WALA 0",baseline_q10,"Shipped gate, q=.10",8,60063,6.9494170566420355,0.15704924698316838,,,,
"Existing fit, rescore without WALA 0",baseline_q10,"Shipped gate, q=.10",9,60072,6.561147343911537,0.14689771351090572,,,,
"Existing fit, rescore without WALA 0",baseline_q10,"Shipped gate, q=.10",10,60029,6.14816853388925,0.13909740682942046,,,,
"Existing fit, rescore without WALA 0",perm_bh_k4_q15,"Permutation BH, K_eff≥4, q=.15",1,60018,6.972248764458416,0.16148389724420534,,,,
"Existing fit, rescore without WALA 0",perm_bh_k4_q15,"Permutation BH, K_eff≥4, q=.15",2,59974,6.490387721537049,0.14446086520943444,,,,
"Existing fit, rescore without WALA 0",perm_bh_k4_q15,"Permutation BH, K_eff≥4, q=.15",3,60055,7.231220849937936,0.1659105942353396,,,,
"Existing fit, rescore without WALA 0",perm_bh_k4_q15,"Permutation BH, K_eff≥4, q=.15",4,60059,6.873569094257322,0.16139226603255086,,,,
"Existing fit, rescore without WALA 0",perm_bh_k4_q15,"Permutation BH, K_eff≥4, q=.15",5,60053,6.816912035116294,0.1564558962108912,,,,
"Existing fit, rescore without WALA 0",perm_bh_k4_q15,"Permutation BH, K_eff≥4, q=.15",6,60095,7.040388807028529,0.1593010809090142,,,,
"Existing fit, rescore without WALA 0",perm_bh_k4_q15,"Permutation BH, K_eff≥4, q=.15",7,60115,6.649294635825957,0.1474561473723394,,,,
"Existing fit, rescore without WALA 0",perm_bh_k4_q15,"Permutation BH, K_eff≥4, q=.15",8,60063,7.146515258205436,0.16151573841681433,,,,
"Existing fit, rescore without WALA 0",perm_bh_k4_q15,"Permutation BH, K_eff≥4, q=.15",9,60072,6.886092128011356,0.15339930356035186,,,,
"Existing fit, rescore without WALA 0",perm_bh_k4_q15,"Permutation BH, K_eff≥4, q=.15",10,60029,6.566300470712215,0.1536682908682034,,,,
Refit after removing WALA 0,baseline_q10,"Shipped gate, q=.10",1,60026,6.466746396367662,0.15079964769568627,116.0,695.0,8.0,11.16
Refit after removing WALA 0,baseline_q10,"Shipped gate, q=.10",2,60078,6.3000433093547255,0.14227784351082623,126.0,772.0,9.0,14.19
Refit after removing WALA 0,baseline_q10,"Shipped gate, q=.10",3,60031,6.430197836962655,0.15146176967673952,110.0,660.0,9.0,9.99
Refit after removing WALA 0,baseline_q10,"Shipped gate, q=.10",4,60045,6.589979075556868,0.16613573824484726,133.0,843.0,9.0,10.65
Refit after removing WALA 0,baseline_q10,"Shipped gate, q=.10",5,60102,6.834764576744032,0.15301627980762647,145.0,789.0,9.0,17.2
Refit after removing WALA 0,baseline_q10,"Shipped gate, q=.10",6,60073,6.925001470164724,0.16739420677342443,55.0,401.0,8.0,30.63
Refit after removing WALA 0,baseline_q10,"Shipped gate, q=.10",7,60160,6.4725535796297935,0.1546903407229624,98.0,592.0,8.0,23.58
Refit after removing WALA 0,baseline_q10,"Shipped gate, q=.10",8,60122,6.024498348018073,0.1311598656790065,136.0,806.0,9.0,12.04
Refit after removing WALA 0,baseline_q10,"Shipped gate, q=.10",9,60068,6.58456325197024,0.16266039128147283,165.0,1153.0,9.0,17.62
Refit after removing WALA 0,baseline_q10,"Shipped gate, q=.10",10,60020,6.33989348229572,0.14405524474057305,96.0,587.0,9.0,8.02
Refit after removing WALA 0,perm_bh_k4_q15,"Permutation BH, K_eff≥4, q=.15",1,60026,6.985618775869369,0.1621830981007334,124.0,816.0,6.0,10.67
Refit after removing WALA 0,perm_bh_k4_q15,"Permutation BH, K_eff≥4, q=.15",2,60078,6.582534273494,0.1480981607800315,135.0,899.0,6.0,15.26
Refit after removing WALA 0,perm_bh_k4_q15,"Permutation BH, K_eff≥4, q=.15",3,60031,6.718120992399579,0.1580505856418433,149.0,943.0,7.0,14.39
Refit after removing WALA 0,perm_bh_k4_q15,"Permutation BH, K_eff≥4, q=.15",4,60045,6.9247165020940304,0.17231944494794638,133.0,883.0,6.0,9.6
Refit after removing WALA 0,perm_bh_k4_q15,"Permutation BH, K_eff≥4, q=.15",5,60102,7.365574590981906,0.16365761158526235,134.0,897.0,6.0,8.79
Refit after removing WALA 0,perm_bh_k4_q15,"Permutation BH, K_eff≥4, q=.15",6,60073,7.12001822765211,0.17064933233006158,140.0,898.0,6.0,11.86
Refit after removing WALA 0,perm_bh_k4_q15,"Permutation BH, K_eff≥4, q=.15",7,60160,6.8426300179778945,0.16310364656679208,129.0,858.0,6.0,8.71
Refit after removing WALA 0,perm_bh_k4_q15,"Permutation BH, K_eff≥4, q=.15",8,60122,6.244843251642584,0.13490559810545116,140.0,887.0,6.0,13.48
Refit after removing WALA 0,perm_bh_k4_q15,"Permutation BH, K_eff≥4, q=.15",9,60068,6.65015246248749,0.1618019375356315,138.0,891.0,6.0,12.67
Refit after removing WALA 0,perm_bh_k4_q15,"Permutation BH, K_eff≥4, q=.15",10,60020,6.674137585974257,0.15093280523446395,139.0,887.0,6.0,8.19
