x0,y0,h0,x1,y1,h1,x2,y2,h2,n_pts
0.875,0.25,93.34782978,0.875,0.125,10.95320758,1,0.25,209.3170655,1
0.875,0.25,93.34782978,0.75,0.25,-22.62140594,0.875,0.125,10.95320758,0
1,0.125,126.9224433,0.875,0.125,10.95320758,1,0.25,209.3170655,0
1,0.125,126.9224433,1,0,44.5278211,0.875,0.125,10.95320758,0
0.875,0,29.28244313,0.875,0.125,10.95320758,1,0,44.5278211,0
0.875,0,29.28244313,0.75,0,14.03706515,0.875,0.125,10.95320758,0
0.6875,0.9375,357.307756,0.625,1,305.1169312,0.625,0.875,264.0105173,0
0.6875,0.9375,357.307756,0.75,1,450.6049947,0.625,1,305.1169312,0
0.125,0.796875,-116.5794287,0.125,0.8125,-36.56263343,0.140625,0.796875,-57.04301409,0
0.15625,0.8125,-56.50357626,0.15625,0.84375,-35.48375777,0.125,0.8125,-36.56263343,0
0.15625,0.8125,-56.50357626,0.1875,0.8125,-76.44451909,0.15625,0.84375,-35.48375777,0
0.009765625,0.658203125,-62.26432356,0.0078125,0.66015625,-49.00259703,0.01171875,0.66015625,-81.7746581,3
0.009765625,0.658203125,-62.26432356,0.0078125,0.65625,-42.75398901,0.0078125,0.66015625,-49.00259703,15
0.0234375,0.66015625,-188.6379447,0.0234375,0.6640625,-190.1128148,0.02734375,0.66015625,-214.7495851,37
0.01171875,0.64453125,-206.284282,0.0078125,0.6484375,-129.9261436,0.015625,0.6484375,-195.4702657,14
0.03125,0.6484375,-247.7479718,0.0390625,0.6484375,-234.4815557,0.03125,0.640625,-256.1095881,48
0.03125,0.6484375,-247.7479718,0.03125,0.65625,-239.3863554,0.0390625,0.6484375,-234.4815557,60
0.75,0.125,-4.292170396,0.875,0.125,10.95320758,0.75,0,14.03706515,0
0.75,0.125,-4.292170396,0.75,0.25,-22.62140594,0.875,0.125,10.95320758,0
0.8125,0.5,62.2385401,0.8125,0.4375,72.2125201,0.875,0.5,-40.03679789,2
0.8125,0.5,62.2385401,0.75,0.5,164.5138781,0.8125,0.4375,72.2125201,30
0.75,0.375,95.92338172,0.75,0.25,-22.62140594,0.875,0.375,-20.0888379,7
0.875,0.25,93.34782978,0.875,0.375,-20.0888379,1,0.25,209.3170655,1
0.875,0.25,93.34782978,0.75,0.25,-22.62140594,0.875,0.375,-20.0888379,0
0.8125,0.4375,72.2125201,0.75,0.375,95.92338172,0.875,0.375,-20.0888379,2
0.8125,0.4375,72.2125201,0.75,0.5,164.5138781,0.75,0.375,95.92338172,263
0.9375,0.625,254.1633023,0.9375,0.6875,301.6941609,1,0.625,279.6609429,60
0.9375,0.625,254.1633023,0.875,0.625,228.6656617,0.9375,0.6875,301.6941609,943
0.6875,0.5625,185.9344144,0.75,0.625,231.9926203,0.625,0.625,207.3549507,1252
0.875,0.75,329.6647764,0.75,0.75,283.2534594,0.875,0.625,228.6656617,2363
0.009765625,0.658203125,-62.26432356,0.01171875,0.65625,-75.52605008,0.01171875,0.66015625,-81.7746581,13
0.013671875,0.658203125,-210.0028152,0.01171875,0.65625,-75.52605008,0.01171875,0.66015625,-81.7746581,0
0.013671875,0.658203125,-210.0028152,0.015625,0.65625,-108.2981112,0.01171875,0.65625,-75.52605008,4
0.013671875,0.654296875,-113.7051193,0.015625,0.65625,-108.2981112,0.01171875,0.65625,-75.52605008,9
0.01171875,0.654296875,-155.3271779,0.009765625,0.654296875,-80.9330582,0.01171875,0.65625,-75.52605008,5
0.01171875,0.654296875,-155.3271779,0.01171875,0.65234375,-119.1121274,0.009765625,0.654296875,-80.9330582,2
0.017578125,0.658203125,-128.7517871,0.015625,0.65625,-108.2981112,0.015625,0.66015625,-116.4334019,7
0.025390625,0.658203125,-198.8032245,0.0234375,0.66015625,-188.6379447,0.02734375,0.66015625,-214.7495851,26
0.025390625,0.658203125,-198.8032245,0.0234375,0.65625,-417.2175075,0.0234375,0.66015625,-188.6379447,8
0.021484375,0.662109375,-144.5313594,0.01953125,0.6640625,-157.3407538,0.0234375,0.6640625,-190.1128148,18
0.021484375,0.662109375,-144.5313594,0.01953125,0.66015625,-149.205463,0.01953125,0.6640625,-157.3407538,0
0.0185546875,0.6552734375,-256.3956556,0.01953125,0.654296875,-223.7070294,0.017578125,0.654296875,-250.0503977,0
0.0185546875,0.6552734375,-256.3956556,0.01953125,0.65625,-262.7578093,0.01953125,0.654296875,-223.7070294,34
0.009765625,0.65625,-99.54155706,0.009765625,0.658203125,-62.26432356,0.0078125,0.65625,-42.75398901,2
0.009765625,0.65625,-99.54155706,0.01171875,0.65625,-75.52605008,0.009765625,0.658203125,-62.26432356,1
0,0.576171875,-154.5834295,0.001953125,0.576171875,-381.1778577,0,0.578125,-354.6699726,24
0.25,0.625,47.48188868,0.25,0.75,-158.3660417,0.375,0.625,67.82649514,4
0.25,0.875,-20.18059239,0.375,0.875,0.6314129998,0.25,1,118.0048569,0
0.3125,0.5625,47.93175274,0.25,0.625,47.48188868,0.375,0.625,67.82649514,5
0.25,0.875,-20.18059239,0.25,0.75,-158.3660417,0.375,0.875,0.6314129998,0
0.015625,0.6171875,-322.1203842,0.0234375,0.6171875,-310.6372207,0.015625,0.625,-299.365653,7
0.015625,0.6171875,-322.1203842,0.015625,0.609375,-344.8751154,0.0234375,0.6171875,-310.6372207,19
0.0234375,0.609375,-353.5442844,0.0234375,0.6171875,-310.6372207,0.03125,0.609375,-362.2134534,3
0.0234375,0.609375,-353.5442844,0.015625,0.609375,-344.8751154,0.0234375,0.6171875,-310.6372207,6
0.03125,0.453125,-428.3990099,0.046875,0.453125,-379.1308067,0.03125,0.4375,-766.9112599,5
0.03125,0.453125,-428.3990099,0.03125,0.46875,-420.0898005,0.046875,0.453125,-379.1308067,1
0.046875,0.46875,-287.8301226,0.046875,0.453125,-379.1308067,0.0625,0.46875,-1200,10
0.046875,0.46875,-287.8301226,0.03125,0.46875,-420.0898005,0.046875,0.453125,-379.1308067,0
0.0078125,0.609375,-277.327008,0.0078125,0.6171875,-272.5365802,0,0.609375,308.0239446,2
0.0078125,0.609375,-277.327008,0.015625,0.609375,-344.8751154,0.0078125,0.6171875,-272.5365802,10
0.046875,0.6015625,-279.320483,0.046875,0.609375,-268.3136515,0.0390625,0.6015625,-292.5868991,77
0.0390625,0.6015625,-292.5868991,0.046875,0.609375,-268.3136515,0.03125,0.609375,-362.2134534,122
0.03125,0.609375,-362.2134534,0.046875,0.609375,-268.3136515,0.03125,0.625,-272.8328208,34
0.09375,0.5625,-158.0239498,0.09375,0.59375,-210.7288178,0.125,0.5625,-123.6554152,174
0.09375,0.625,-166.7014921,0.125,0.625,-113.6358277,0.09375,0.59375,-210.7288178,226
0.015625,0.6171875,-322.1203842,0.015625,0.609375,-344.8751154,0.0078125,0.6171875,-272.5365802,6
0.0625,0.59375,-263.7944822,0.0625,0.5625,-307.821808,0.09375,0.59375,-210.7288178,188
0.09375,0.5625,-158.0239498,0.0625,0.5625,-307.821808,0.09375,0.59375,-210.7288178,93
0.0234375,0.6171875,-310.6372207,0.03125,0.625,-272.8328208,0.015625,0.625,-299.365653,22
0.0078125,0.625,-94.26586474,0.0078125,0.6171875,-272.5365802,0,0.625,-325.8984852,5
0.02734375,0.64453125,-258.561988,0.03125,0.640625,-256.1095881,0.0234375,0.640625,-269.3760042,42
0.01953125,0.640625,-276.0092123,0.01953125,0.63671875,-190.981247,0.0234375,0.640625,-269.3760042,6
0.0078125,0.7421875,153.634763,0,0.734375,46.01192541,0.015625,0.734375,107.3021372,1
0.0078125,0.7421875,153.634763,0,0.75,-192.1126236,0,0.734375,46.01192541,0
0.001953125,0.595703125,-301.4417228,0,0.59765625,21.69708365,0.00390625,0.59765625,-307.496637,5
0.02734375,0.58984375,-364.5075823,0.03125,0.5859375,-346.5993264,0.03125,0.59375,-316.8601466,54
0.02734375,0.58984375,-364.5075823,0.0234375,0.5859375,-412.155018,0.03125,0.5859375,-346.5993264,11
0.03125,0.5859375,-346.5993264,0.0390625,0.5859375,-314.6005619,0.03125,0.578125,-376.3385062,21
0.03125,0.5859375,-346.5993264,0.03125,0.59375,-316.8601466,0.0390625,0.5859375,-314.6005619,20
0.0390625,0.59375,-303.5937305,0.0390625,0.5859375,-314.6005619,0.046875,0.59375,-290.3273144,20
0.0390625,0.59375,-303.5937305,0.03125,0.59375,-316.8601466,0.0390625,0.5859375,-314.6005619,36
0.0234375,0.5546875,-529.2674434,0.03125,0.546875,-439.359947,0.015625,0.546875,-622.718021,6
0.0234375,0.5546875,-529.2674434,0.03125,0.5625,-435.8168658,0.03125,0.546875,-439.359947,5
0.01953125,0.56640625,-516.7019982,0.0234375,0.5625,-430.3509335,0.0234375,0.5703125,-471.6333776,2
0.01953125,0.56640625,-516.7019982,0.015625,0.5625,-424.8850013,0.0234375,0.5625,-430.3509335,2
0.0234375,0.5625,-430.3509335,0.0234375,0.5546875,-529.2674434,0.015625,0.5625,-424.8850013,2
0.0234375,0.5625,-430.3509335,0.03125,0.5625,-435.8168658,0.0234375,0.5546875,-529.2674434,1
0.046875,0.546875,-375.362418,0.0625,0.53125,-312.8316017,0.0625,0.5625,-307.821808,23
0.046875,0.546875,-375.362418,0.03125,0.53125,-442.9030281,0.0625,0.53125,-312.8316017,108
0.03125,0.546875,-439.359947,0.046875,0.546875,-375.362418,0.03125,0.5625,-435.8168658,6
0.03125,0.546875,-439.359947,0.03125,0.53125,-442.9030281,0.046875,0.546875,-375.362418,21
0.75,0.875,301.889732,0.75,0.75,283.2534594,0.625,0.875,264.0105173,43
0.625,0.5,140.8702469,0.5,0.5,138.0201374,0.625,0.625,207.3549507,5532
0.84375,0.53125,295.3527196,0.875,0.5625,156.8140956,0.8125,0.5625,196.5897699,8
0.90625,0.59375,265.0258238,0.875,0.5625,156.8140956,0.875,0.625,228.6656617,32
0.90625,0.59375,265.0258238,0.9375,0.5625,301.3859858,0.875,0.5625,156.8140956,92
0.75,0.625,231.9926203,0.75,0.75,283.2534594,0.875,0.625,228.6656617,2767
0.015625,0.5859375,-426.6903616,0.015625,0.578125,-507.4498893,0.0078125,0.5859375,-401.4183489,77
0.0078125,0.59765625,-359.587417,0.0078125,0.6015625,-319.6064655,0.01171875,0.59765625,-380.9614332,25
0.017578125,0.595703125,-377.699247,0.01953125,0.59375,-350.423,0.01953125,0.59765625,-409.4676601,21
0.021484375,0.595703125,-239.0440336,0.01953125,0.59375,-350.423,0.01953125,0.59765625,-409.4676601,0
0.021484375,0.595703125,-239.0440336,0.0234375,0.59375,-515.8345187,0.01953125,0.59375,-350.423,9
0.375,0.4375,111.6301762,0.375,0.375,83.84435893,0.4375,0.4375,110.9322482,399
0.375,0.4375,111.6301762,0.4375,0.4375,110.9322482,0.375,0.5,139.4159934,71
0.01953125,0.58984375,-379.042926,0.015625,0.5859375,-426.6903616,0.0234375,0.5859375,-412.155018,54
0.01953125,0.58203125,-387.8981337,0.015625,0.5859375,-426.6903616,0.0234375,0.5859375,-412.155018,30
0.01953125,0.58203125,-387.8981337,0.015625,0.578125,-507.4498893,0.015625,0.5859375,-426.6903616,41
0.01171875,0.58984375,-401.6901911,0.015625,0.5859375,-426.6903616,0.0078125,0.5859375,-401.4183489,65
0.015625,0.58984375,-386.8501506,0.015625,0.5859375,-426.6903616,0.01953125,0.58984375,-379.042926,22
0.0234375,0.58984375,-463.9947683,0.0234375,0.5859375,-412.155018,0.01953125,0.58984375,-379.042926,13
0.021484375,0.591796875,-307.5215274,0.0234375,0.59375,-515.8345187,0.01953125,0.59375,-350.423,10
0.017578125,0.591796875,-362.48688,0.01953125,0.59375,-350.423,0.01953125,0.58984375,-379.042926,46
0.3125,0.46875,32.63392918,0.34375,0.46875,97.67833902,0.3125,0.5,83.72650187,0
0.3125,0.46875,32.63392918,0.3125,0.4375,55.94068464,0.34375,0.46875,97.67833902,4
0.34375,0.46875,97.67833902,0.375,0.4375,111.6301762,0.3125,0.4375,55.94068464,192
0.34375,0.46875,97.67833902,0.375,0.5,139.4159934,0.375,0.4375,111.6301762,6
0.28125,0.46875,41.98884749,0.25,0.5,28.03701035,0.25,0.4375,19.86409142,514
0.4375,0.5625,102.9233163,0.375,0.5,139.4159934,0.5,0.5,138.0201374,43
0.4375,0.5625,102.9233163,0.375,0.625,67.82649514,0.375,0.5,139.4159934,9
0.4375,0.6875,132.5465284,0.375,0.75,109.6896077,0.375,0.625,67.82649514,0
0.4375,0.6875,132.5465284,0.5,0.75,197.2665616,0.375,0.75,109.6896077,1
0.25,0.5625,37.75944951,0.25,0.625,47.48188868,0.3125,0.5625,47.93175274,46
0.0234375,0.671875,-163.941152,0.0234375,0.6640625,-190.1128148,0.03125,0.671875,-187.0430299,76
0.0234375,0.6796875,-193.8998293,0.015625,0.6875,-90.14775265,0.015625,0.671875,-140.8392742,6
0.0234375,0.6796875,-193.8998293,0.03125,0.6875,-66.71574584,0.015625,0.6875,-90.14775265,16
0.09375,0.78125,-85.96004023,0.125,0.75,-78.60227041,0.0625,0.75,-135.357447,152
0.09375,0.71875,-115.738248,0.125,0.75,-78.60227041,0.0625,0.75,-135.357447,603
0.0625,0.71875,-144.1158364,0.03125,0.71875,-172.4934247,0.0625,0.75,-135.357447,507
0.0546875,0.6015625,-266.0540669,0.0625,0.609375,-241.7808193,0.046875,0.609375,-268.3136515,103
0.0546875,0.6015625,-266.0540669,0.0625,0.59375,-263.7944822,0.0625,0.609375,-241.7808193,39
0.046875,0.6015625,-279.320483,0.0546875,0.6015625,-266.0540669,0.046875,0.59375,-290.3273144,34
0.046875,0.6015625,-279.320483,0.046875,0.609375,-268.3136515,0.0546875,0.6015625,-266.0540669,59
0.0185546875,0.6552734375,-256.3956556,0.017578125,0.65625,-297.1824012,0.017578125,0.654296875,-250.0503977,0
0.0185546875,0.6552734375,-256.3956556,0.01953125,0.65625,-262.7578093,0.017578125,0.65625,-297.1824012,0
0.0185546875,0.6494140625,-177.9922079,0.01953125,0.650390625,-175.2848975,0.017578125,0.650390625,-190.0632576,0
0.0234375,0.6171875,-310.6372207,0.03125,0.625,-272.8328208,0.03125,0.609375,-362.2134534,22
0.203125,0.515625,24.93824515,0.1875,0.5,-52.81899614,0.21875,0.5,-12.39099289,0
0.234375,0.515625,10.32790559,0.25,0.5,28.03701035,0.21875,0.5,-12.39099289,153
0.21875,0.5,-12.39099289,0.21875,0.46875,-22.55620162,0.1875,0.5,-52.81899614,5
0.21875,0.5,-12.39099289,0.25,0.5,28.03701035,0.21875,0.46875,-22.55620162,159
0.9921875,0.921875,97.31455832,0.9921875,0.9140625,294.7281442,1,0.921875,26.29317435,0
0.9921875,0.921875,97.31455832,0.984375,0.921875,168.3359423,0.9921875,0.9140625,294.7281442,0
0.9921875,0.9296875,501.1036123,0.984375,0.9375,732.9115574,0.984375,0.921875,168.3359423,52
0.9921875,0.9296875,501.1036123,1,0.9375,833.8712823,0.984375,0.9375,732.9115574,28
0.984375,0.9375,732.9115574,0.984375,0.953125,570.1696106,1,0.9375,833.8712823,0
0.984375,0.9375,732.9115574,0.96875,0.9375,631.9518325,0.984375,0.953125,570.1696106,2
0.9921875,0.921875,97.31455832,0.9921875,0.9296875,501.1036123,1,0.921875,26.29317435,0
0.9921875,0.921875,97.31455832,0.984375,0.921875,168.3359423,0.9921875,0.9296875,501.1036123,0
0.21875,0.46875,-22.55620162,0.25,0.4375,19.86409142,0.1875,0.4375,-73.14941359,644
0.001953125,0.595703125,-301.4417228,0.00390625,0.59375,-212.3178732,0.00390625,0.59765625,-307.496637,3
0.001953125,0.595703125,-301.4417228,0,0.59375,-295.3868085,0.00390625,0.59375,-212.3178732,9
0.109375,0.796875,-61.26133683,0.09375,0.8125,-99.12146179,0.09375,0.78125,-85.96004023,34
0.109375,0.796875,-61.26133683,0.125,0.8125,-36.56263343,0.09375,0.8125,-99.12146179,11
0.001953125,0.591796875,-321.0948661,0.00390625,0.59375,-212.3178732,0.00390625,0.58984375,-346.8029238,8
0.001953125,0.591796875,-321.0948661,0,0.59375,-295.3868085,0.00390625,0.59375,-212.3178732,2
0.01953125,0.63671875,-190.981247,0.0234375,0.6328125,-277.7376206,0.0234375,0.640625,-269.3760042,10
0.0078125,0.59765625,-359.587417,0.00390625,0.59765625,-307.496637,0.0078125,0.59375,-399.5683685,8
0.0078125,0.59765625,-359.587417,0.0078125,0.6015625,-319.6064655,0.00390625,0.59765625,-307.496637,6
0.00390625,0.59375,-212.3178732,0.0078125,0.59375,-399.5683685,0.00390625,0.59765625,-307.496637,13
0,0.59765625,21.69708365,0.00390625,0.59765625,-307.496637,0,0.6015625,6.318568046,17
0.009765625,0.595703125,-323.5565807,0.0078125,0.59765625,-359.587417,0.01171875,0.59765625,-380.9614332,9
0.009765625,0.595703125,-323.5565807,0.0078125,0.59375,-399.5683685,0.0078125,0.59765625,-359.587417,25
0.0078125,0.5625,-620.3148455,0.0078125,0.5546875,-518.3355789,0,0.5625,-413.9531367,11
0.0078125,0.5625,-620.3148455,0.015625,0.5625,-424.8850013,0.0078125,0.5546875,-518.3355789,6
0.00390625,0.56640625,-437.3273249,0.0078125,0.5625,-620.3148455,0.0078125,0.5703125,-460.701513,10
0.00390625,0.56640625,-437.3273249,0,0.5625,-413.9531367,0.0078125,0.5625,-620.3148455,23
0.0078125,0.63671875,-102.7394978,0.00390625,0.63671875,-23.54568854,0.0078125,0.640625,-217.0982982,2
0.0078125,0.63671875,-102.7394978,0.0078125,0.6328125,-162.7163906,0.00390625,0.63671875,-23.54568854,2
0.0625,0.78125,-114.3376285,0.0625,0.8125,-93.31781004,0.03125,0.78125,45.71116263,86
0.03125,0.78125,45.71116263,0,0.8125,469.6051863,0.0625,0.8125,-93.31781004,56
0,0.78125,268.3387054,0.03125,0.78125,45.71116263,0,0.8125,469.6051863,15
0.046875,0.765625,-44.8231422,0.0625,0.75,-135.357447,0.03125,0.75,4.271736403,46
0.015625,0.734375,107.3021372,0.03125,0.75,4.271736403,0.03125,0.71875,-172.4934247,147
0.00390625,0.62890625,-34.08641334,0,0.6328125,185.4072036,0.0078125,0.6328125,-162.7163906,6
0.00390625,0.62890625,-34.08641334,0,0.625,-325.8984852,0,0.6328125,185.4072036,3
0.00390625,0.63671875,-23.54568854,0,0.6328125,185.4072036,0.0078125,0.6328125,-162.7163906,7
0,0.63671875,16.92651376,0,0.6328125,185.4072036,0.00390625,0.63671875,-23.54568854,6
0.125,0.3125,-198.0633373,0.0625,0.3125,-524.6958024,0.125,0.25,-221.790837,6
0.6875,0.9375,357.307756,0.75,0.875,301.889732,0.625,0.875,264.0105173,1
0.01953125,0.650390625,-175.2848975,0.021484375,0.650390625,-222.8353187,0.01953125,0.6484375,-165.9135455,0
0.001953125,0.587890625,-236.3573165,0,0.58984375,-62.55950439,0.00390625,0.58984375,-346.8029238,8
0.001953125,0.587890625,-236.3573165,0,0.5859375,-101.1417424,0,0.58984375,-62.55950439,12
0.0390625,0.5859375,-314.6005619,0.046875,0.59375,-290.3273144,0.046875,0.578125,-312.3409773,42
0.03125,0.6015625,-339.5368,0.0390625,0.6015625,-292.5868991,0.03125,0.609375,-362.2134534,65
0.03125,0.6015625,-339.5368,0.03125,0.59375,-316.8601466,0.0390625,0.6015625,-292.5868991,50
0.0546875,0.6015625,-266.0540669,0.0625,0.59375,-263.7944822,0.046875,0.59375,-290.3273144,39
0.0390625,0.59375,-303.5937305,0.03125,0.59375,-316.8601466,0.0390625,0.6015625,-292.5868991,61
0.02734375,0.59765625,-350.320116,0.03125,0.6015625,-339.5368,0.03125,0.59375,-316.8601466,76
0.02734375,0.59765625,-350.320116,0.0234375,0.6015625,-350.3419115,0.03125,0.6015625,-339.5368,38
0.09375,0.625,-166.7014921,0.125,0.625,-113.6358277,0.09375,0.65625,-133.2550267,149
0.0625,0.65625,-186.3206911,0.09375,0.65625,-133.2550267,0.0625,0.625,-219.7671565,271
0.0625,0.65625,-186.3206911,0.0625,0.6875,-152.8742257,0.09375,0.65625,-133.2550267,474
0.09375,0.625,-166.7014921,0.09375,0.65625,-133.2550267,0.0625,0.625,-219.7671565,170
0.0234375,0.6796875,-193.8998293,0.03125,0.6875,-66.71574584,0.03125,0.671875,-187.0430299,15
0.0234375,0.671875,-163.941152,0.0234375,0.6796875,-193.8998293,0.03125,0.671875,-187.0430299,27
0.0234375,0.671875,-163.941152,0.015625,0.671875,-140.8392742,0.0234375,0.6796875,-193.8998293,21
0.0234375,0.6953125,-158.971189,0.03125,0.6875,-66.71574584,0.015625,0.6875,-90.14775265,11
0.015625,0.71875,55.8215249,0.015625,0.703125,99.49266341,0,0.71875,284.1364745,37
0.125,0.796875,-116.5794287,0.109375,0.796875,-61.26133683,0.125,0.78125,-196.5962239,0
0.125,0.796875,-116.5794287,0.125,0.8125,-36.56263343,0.109375,0.796875,-61.26133683,2
0.001953125,0.591796875,-321.0948661,0,0.58984375,-62.55950439,0.00390625,0.58984375,-346.8029238,6
0.03125,0.28125,-699.8757848,0.0625,0.25,-548.4233021,0.0625,0.3125,-524.6958024,2
0.03125,0.28125,-699.8757848,0,0.25,-875.0557673,0.0625,0.25,-548.4233021,0
0.0625,0.25,-548.4233021,0.0625,0.1875,-573.0469509,0,0.25,-875.0557673,0
0.0625,0.25,-548.4233021,0.125,0.25,-221.790837,0.0625,0.1875,-573.0469509,1
0,0.28125,-1040.699209,0.03125,0.28125,-699.8757848,0,0.3125,-1200,19
0,0.28125,-1040.699209,0,0.25,-875.0557673,0.03125,0.28125,-699.8757848,1
0.875,0.90625,376.3782231,0.875,0.875,364.115265,0.90625,0.90625,470.7246638,12
0.25,0.5625,37.75944951,0.25,0.625,47.48188868,0.1875,0.5625,-42.79940869,67
0.1875,0.625,-193.5632414,0.1875,0.5625,-42.79940869,0.25,0.625,47.48188868,3
0.1875,0.53125,-47.80920241,0.1875,0.5625,-42.79940869,0.21875,0.53125,-7.381199168,0
0.046875,0.578125,-312.3409773,0.0625,0.59375,-263.7944822,0.0625,0.5625,-307.821808,57
0.021484375,0.65625,-25.94711398,0.021484375,0.654296875,-53.83783179,0.01953125,0.65625,-262.7578093,0
0.021484375,0.65625,-25.94711398,0.0234375,0.65625,-417.2175075,0.021484375,0.654296875,-53.83783179,9
0.0625,0.34375,-436.8717729,0.09375,0.34375,-349.51582,0.0625,0.375,-492.7545175,0
0.0625,0.34375,-436.8717729,0.0625,0.3125,-524.6958024,0.09375,0.34375,-349.51582,0
0.015625,0.58984375,-386.8501506,0.01171875,0.58984375,-401.6901911,0.015625,0.59375,-345.930834,13
0.015625,0.58984375,-386.8501506,0.015625,0.5859375,-426.6903616,0.01171875,0.58984375,-401.6901911,13
0.046875,0.578125,-312.3409773,0.03125,0.5625,-435.8168658,0.0625,0.5625,-307.821808,74
0.0625,0.609375,-241.7808193,0.046875,0.609375,-268.3136515,0.0625,0.625,-219.7671565,85
0.03125,0.546875,-439.359947,0.03125,0.53125,-442.9030281,0.015625,0.546875,-622.718021,28
0.25,0.125,15.02685967,0.375,0.125,4.797378768,0.25,0,-100.9017013,21
0.25,0.125,15.02685967,0.25,0.25,5.910684397,0.375,0.125,4.797378768,135
0.5,0.125,-58.0031994,0.5,0.25,78.71885337,0.375,0.125,4.797378768,370
0.03125,0.453125,-428.3990099,0.015625,0.453125,-935.3146293,0.03125,0.4375,-766.9112599,7
0.03125,0.453125,-428.3990099,0.03125,0.46875,-420.0898005,0.015625,0.453125,-935.3146293,0
0.015625,0.46875,-638.2942325,0.015625,0.453125,-935.3146293,0,0.46875,-848.8292476,2
0.015625,0.46875,-638.2942325,0.03125,0.46875,-420.0898005,0.015625,0.453125,-935.3146293,0
0.0625,0.46875,-1200,0.09375,0.46875,-235.9234077,0.0625,0.5,-317.8413954,0
0.0625,0.46875,-1200,0.0625,0.4375,-338.1718129,0.09375,0.46875,-235.9234077,3
0.15625,0.46875,-103.4122081,0.125,0.4375,-154.0054201,0.1875,0.4375,-73.14941359,33
0.09375,0.46875,-235.9234077,0.125,0.4375,-154.0054201,0.0625,0.4375,-338.1718129,59
0.125,0.46875,-143.8402114,0.09375,0.46875,-235.9234077,0.125,0.5,-133.6750026,37
0.125,0.46875,-143.8402114,0.125,0.4375,-154.0054201,0.09375,0.46875,-235.9234077,101
0.046875,0.453125,-379.1308067,0.0625,0.46875,-1200,0.0625,0.4375,-338.1718129,6
0.046875,0.484375,-368.965598,0.0625,0.5,-317.8413954,0.0625,0.46875,-1200,1
0.9765625,0.9921875,229.4764972,0.96875,1,305.7190249,0.96875,0.984375,306.0934819,0
0.9765625,0.9921875,229.4764972,0.96875,0.984375,306.0934819,0.984375,0.984375,153.2339695,0
0.9609375,0.9921875,382.3360097,0.96875,0.984375,306.0934819,0.953125,0.984375,458.9529944,0
0.9609375,0.9921875,382.3360097,0.96875,1,305.7190249,0.96875,0.984375,306.0934819,0
0.9765625,1,640.0847144,0.9765625,0.9921875,229.4764972,0.984375,1,840.4081669,23
0.9765625,1,640.0847144,0.96875,1,305.7190249,0.9765625,0.9921875,229.4764972,15
0.0078125,0.7421875,153.634763,0.015625,0.75,32.58684352,0.015625,0.734375,107.3021372,1
0.0078125,0.7421875,153.634763,0,0.75,-192.1126236,0.015625,0.75,32.58684352,1
0.0234375,0.6953125,-158.971189,0.03125,0.6875,-66.71574584,0.03125,0.703125,-119.6045852,16
0.0234375,0.7109375,-36.50038062,0.03125,0.703125,-119.6045852,0.03125,0.71875,-172.4934247,83
0.0234375,0.703125,-132.8684656,0.0234375,0.6953125,-158.971189,0.03125,0.703125,-119.6045852,8
0.0234375,0.703125,-132.8684656,0.015625,0.703125,99.49266341,0.0234375,0.6953125,-158.971189,6
0.015625,0.6953125,-71.6385788,0.0234375,0.6953125,-158.971189,0.015625,0.6875,-90.14775265,4
0.015625,0.6953125,-71.6385788,0.015625,0.703125,99.49266341,0.0234375,0.6953125,-158.971189,7
0.001953125,0.638671875,101.9562197,0,0.63671875,16.92651376,0.00390625,0.63671875,-23.54568854,2
0.001953125,0.638671875,101.9562197,0,0.640625,-151.554176,0,0.63671875,16.92651376,2
0.009765625,0.595703125,-323.5565807,0.0078125,0.59375,-399.5683685,0.01171875,0.59375,-411.9806551,7
0.015625,0.5703125,-466.1674453,0.0078125,0.5703125,-460.701513,0.015625,0.5625,-424.8850013,19
0.015625,0.5703125,-466.1674453,0.015625,0.578125,-507.4498893,0.0078125,0.5703125,-460.701513,36
0.0078125,0.5625,-620.3148455,0.015625,0.5625,-424.8850013,0.0078125,0.5703125,-460.701513,25
0.00390625,0.59375,-212.3178732,0.0078125,0.59375,-399.5683685,0.00390625,0.58984375,-346.8029238,12
0.009765625,0.595703125,-323.5565807,0.01171875,0.59375,-411.9806551,0.01171875,0.59765625,-380.9614332,22
0,0.65234375,318.5791918,0.00390625,0.65234375,164.3184578,0,0.65625,22.79013313,9
0,0.65234375,318.5791918,0,0.6484375,346.7425789,0.00390625,0.65234375,164.3184578,4
0.00390625,0.66015625,222.4580528,0,0.65625,22.79013313,0.0078125,0.65625,-42.75398901,5
0.09375,0.8125,-99.12146179,0.0625,0.8125,-93.31781004,0.09375,0.78125,-85.96004023,252
0.01953125,0.57421875,-356.8752184,0.015625,0.5703125,-466.1674453,0.015625,0.578125,-507.4498893,17
0.01953125,0.57421875,-356.8752184,0.0234375,0.5703125,-471.6333776,0.015625,0.5703125,-466.1674453,0
0.01953125,0.56640625,-516.7019982,0.015625,0.5703125,-466.1674453,0.0234375,0.5703125,-471.6333776,3
0.01953125,0.56640625,-516.7019982,0.015625,0.5625,-424.8850013,0.015625,0.5703125,-466.1674453,6
0.017578125,0.59375,-436.8659354,0.017578125,0.595703125,-377.699247,0.015625,0.59375,-345.930834,15
0.017578125,0.59375,-436.8659354,0.01953125,0.59375,-350.423,0.017578125,0.595703125,-377.699247,0
0.017578125,0.595703125,-377.699247,0.015625,0.59765625,-359.6482657,0.01953125,0.59765625,-409.4676601,7
0.017578125,0.595703125,-377.699247,0.015625,0.59375,-345.930834,0.015625,0.59765625,-359.6482657,10
0.013671875,0.595703125,-409.6291066,0.015625,0.59765625,-359.6482657,0.01171875,0.59765625,-380.9614332,21
0.013671875,0.595703125,-409.6291066,0.015625,0.59375,-345.930834,0.015625,0.59765625,-359.6482657,5
0.90625,0.53125,130.674594,0.9375,0.5,167.034756,0.9375,0.5625,301.3859858,31
0.90625,0.53125,130.674594,0.875,0.5,-40.03679789,0.9375,0.5,167.034756,11
0.875,0.53125,225.134816,0.90625,0.53125,130.674594,0.875,0.5,-40.03679789,8
0.875,0.53125,225.134816,0.875,0.5625,156.8140956,0.90625,0.53125,130.674594,3
0.00390625,0.62890625,-34.08641334,0.0078125,0.625,-94.26586474,0.0078125,0.6328125,-162.7163906,0
0.00390625,0.62890625,-34.08641334,0,0.625,-325.8984852,0.0078125,0.625,-94.26586474,2
0.25,0.4375,19.86409142,0.25,0.375,11.69117248,0.3125,0.4375,55.94068464,1552
0.3125,0.46875,32.63392918,0.28125,0.46875,41.98884749,0.3125,0.5,83.72650187,1
0.3125,0.46875,32.63392918,0.3125,0.4375,55.94068464,0.28125,0.46875,41.98884749,23
0.09375,0.84375,-106.0248688,0.125,0.8125,-36.56263343,0.125,0.875,5.477003546,4
0.1875,0.875,-7.351794423,0.1875,0.8125,-76.44451909,0.25,0.875,-20.18059239,0
0.15625,0.84375,-35.48375777,0.125,0.875,5.477003546,0.125,0.8125,-36.56263343,0
0.09375,0.8125,-99.12146179,0.09375,0.84375,-106.0248688,0.125,0.8125,-36.56263343,7
0.09375,0.8125,-99.12146179,0.0625,0.8125,-93.31781004,0.09375,0.84375,-106.0248688,68
0.0625,0.875,-43.8720764,0.0625,0.9375,40.92892485,0,0.875,344.0469355,8
0.0625,0.875,-43.8720764,0.125,0.875,5.477003546,0.0625,0.9375,40.92892485,21
0.09375,0.84375,-106.0248688,0.0625,0.875,-43.8720764,0.125,0.875,5.477003546,41
0.09375,0.84375,-106.0248688,0.0625,0.8125,-93.31781004,0.0625,0.875,-43.8720764,77
0.00390625,0.60546875,-266.614406,0,0.6015625,6.318568046,0.0078125,0.6015625,-319.6064655,19
0.00390625,0.60546875,-266.614406,0,0.609375,308.0239446,0,0.6015625,6.318568046,12
0.00390625,0.59765625,-307.496637,0,0.6015625,6.318568046,0.0078125,0.6015625,-319.6064655,24
0.0234375,0.578125,-404.1585693,0.0234375,0.5703125,-471.6333776,0.03125,0.578125,-376.3385062,9
0.0234375,0.5546875,-529.2674434,0.015625,0.5625,-424.8850013,0.015625,0.546875,-622.718021,4
0.0078125,0.5546875,-518.3355789,0.015625,0.5625,-424.8850013,0.015625,0.546875,-622.718021,5
0.0234375,0.5625,-430.3509335,0.03125,0.5625,-435.8168658,0.0234375,0.5703125,-471.6333776,2
0.01953125,0.57421875,-356.8752184,0.0234375,0.578125,-404.1585693,0.015625,0.578125,-507.4498893,6
0.01953125,0.57421875,-356.8752184,0.0234375,0.5703125,-471.6333776,0.0234375,0.578125,-404.1585693,5
0.01953125,0.58203125,-387.8981337,0.0234375,0.578125,-404.1585693,0.0234375,0.5859375,-412.155018,15
0.01953125,0.58203125,-387.8981337,0.015625,0.578125,-507.4498893,0.0234375,0.578125,-404.1585693,18
0.017578125,0.640625,-152.5949279,0.017578125,0.638671875,-236.8118337,0.01953125,0.640625,-276.0092123,0
0.017578125,0.640625,-152.5949279,0.015625,0.640625,-282.6424203,0.017578125,0.638671875,-236.8118337,3
0.001953125,0.587890625,-236.3573165,0,0.5859375,-101.1417424,0.00390625,0.5859375,-376.9352952,11
0.00390625,0.58203125,-378.0441608,0.0078125,0.578125,-431.059931,0.0078125,0.5859375,-401.4183489,25
0.0625,0.25,-548.4233021,0.125,0.25,-221.790837,0.0625,0.3125,-524.6958024,1
0.375,1,138.8168623,0.375,0.875,0.6314129998,0.5,1,159.6288677,0
0.375,1,138.8168623,0.25,1,118.0048569,0.375,0.875,0.6314129998,0
0.5,0.875,153.5996714,0.375,0.875,0.6314129998,0.5,1,159.6288677,0
0.5,0.875,153.5996714,0.5,0.75,197.2665616,0.375,0.875,0.6314129998,0
0.375,0.75,109.6896077,0.375,0.875,0.6314129998,0.5,0.75,197.2665616,0
0.375,0.75,109.6896077,0.25,0.75,-158.3660417,0.375,0.875,0.6314129998,0
0.1875,0.8125,-76.44451909,0.25,0.875,-20.18059239,0.25,0.75,-158.3660417,0
0.1875,0.9375,61.74093024,0.25,1,118.0048569,0.25,0.875,-20.18059239,0
0.0078125,0.578125,-431.059931,0.015625,0.578125,-507.4498893,0.0078125,0.5703125,-460.701513,60
0.9375,0.4375,177.008736,1,0.375,303.7578133,0.875,0.375,-20.0888379,0
0.9375,0.4375,177.008736,1,0.5,374.1063099,1,0.375,303.7578133,1
0.9375,0.6875,301.6941609,1,0.75,374.72266,1,0.625,279.6609429,107
0.0078125,0.58984375,-380.8169383,0.00390625,0.58984375,-346.8029238,0.0078125,0.59375,-399.5683685,8
0.84375,0.90625,385.7376974,0.8125,0.875,333.0024985,0.875,0.875,364.115265,13
0.84375,0.90625,385.7376974,0.8125,0.9375,407.3601299,0.8125,0.875,333.0024985,9
0.8125,0.875,333.0024985,0.8125,0.8125,323.6843622,0.75,0.875,301.889732,80
0.8125,0.875,333.0024985,0.875,0.875,364.115265,0.8125,0.8125,323.6843622,424
0.875,0.90625,376.3782231,0.84375,0.90625,385.7376974,0.875,0.9375,388.6411811,118
0.875,0.90625,376.3782231,0.875,0.875,364.115265,0.84375,0.90625,385.7376974,14
0.8125,0.8125,323.6843622,0.75,0.875,301.889732,0.75,0.75,283.2534594,72
0.984375,0.90625,469.5950415,0.984375,0.890625,470.6366663,1,0.90625,421.1203461,4
0.984375,0.90625,469.5950415,0.96875,0.90625,518.0697368,0.984375,0.890625,470.6366663,2
0.984375,0.875,432.1488681,0.984375,0.890625,470.6366663,1,0.875,423.2035958,0
0.984375,0.875,432.1488681,0.96875,0.875,408.4315131,0.984375,0.890625,470.6366663,2
0.9765625,0.9140625,343.2028396,0.984375,0.90625,469.5950415,0.96875,0.90625,518.0697368,0
0.9765625,0.9140625,343.2028396,0.984375,0.921875,168.3359423,0.984375,0.90625,469.5950415,0
0.9921875,0.9140625,294.7281442,0.984375,0.90625,469.5950415,0.984375,0.921875,168.3359423,0
0.9921875,0.9140625,294.7281442,1,0.90625,421.1203461,0.984375,0.90625,469.5950415,1
0.875,0.5625,156.8140956,0.875,0.625,228.6656617,0.8125,0.5625,196.5897699,29
0.90625,0.53125,130.674594,0.875,0.5625,156.8140956,0.9375,0.5625,301.3859858,29
0.9609375,1,569.0009485,0.9609375,0.9921875,382.3360097,0.96875,1,305.7190249,17
0.9609375,1,569.0009485,0.953125,1,535.1107515,0.9609375,0.9921875,382.3360097,8
0.90625,0.921875,411.3581807,0.890625,0.921875,330.6245756,0.90625,0.9375,500.7885295,5
0.90625,0.921875,411.3581807,0.90625,0.90625,470.7246638,0.890625,0.921875,330.6245756,0
0.9453125,0.9140625,349.6278028,0.9375,0.921875,349.763551,0.953125,0.921875,195.9579516,0
0.9453125,0.9140625,349.6278028,0.9375,0.90625,503.2976541,0.9375,0.921875,349.763551,0
0.125,0.4375,-154.0054201,0.125,0.375,-174.3358375,0.1875,0.4375,-73.14941359,153
0.21875,0.46875,-22.55620162,0.1875,0.5,-52.81899614,0.1875,0.4375,-73.14941359,24
0.15625,0.46875,-103.4122081,0.1875,0.5,-52.81899614,0.1875,0.4375,-73.14941359,1
0.125,0.53125,-128.6652089,0.125,0.5625,-123.6554152,0.15625,0.53125,-125.5650619,34
0.15625,0.5625,-100.5396101,0.15625,0.53125,-125.5650619,0.125,0.5625,-123.6554152,1
0.15625,0.5625,-100.5396101,0.1875,0.5625,-42.79940869,0.15625,0.53125,-125.5650619,2
0.9375,0.59375,145.7577286,0.90625,0.59375,265.0258238,0.9375,0.625,254.1633023,13
0.9375,0.59375,145.7577286,0.9375,0.5625,301.3859858,0.90625,0.59375,265.0258238,24
0.4375,0.625,211.0406947,0.4375,0.5625,102.9233163,0.5,0.625,75.48347004,0
0.4375,0.625,211.0406947,0.375,0.625,67.82649514,0.4375,0.5625,102.9233163,1
0.4375,0.625,211.0406947,0.4375,0.6875,132.5465284,0.5,0.625,75.48347004,8
0.4375,0.625,211.0406947,0.375,0.625,67.82649514,0.4375,0.6875,132.5465284,4
0.09375,0.34375,-349.51582,0.125,0.3125,-198.0633373,0.125,0.375,-174.3358375,12
0.09375,0.34375,-349.51582,0.0625,0.3125,-524.6958024,0.125,0.3125,-198.0633373,0
0.125,0.3125,-198.0633373,0.1875,0.3125,-84.21257657,0.125,0.25,-221.790837,741
0.125,0.3125,-198.0633373,0.125,0.375,-174.3358375,0.1875,0.3125,-84.21257657,217
0.4375,0.6875,132.5465284,0.5,0.75,197.2665616,0.5,0.625,75.48347004,6
0.625,0.75,202.7925589,0.625,0.875,264.0105173,0.5,0.75,197.2665616,342
0.4375,0.5625,102.9233163,0.5,0.625,75.48347004,0.5,0.5,138.0201374,83
0,0.125,-644.0282045,0,0,-386.4251092,0.125,0.125,-271.0381345,0
0.125,0.25,-221.790837,0.25,0.25,5.910684397,0.125,0.125,-271.0381345,7719
0.25,0.125,15.02685967,0.25,0.25,5.910684397,0.125,0.125,-271.0381345,5079
0.0234375,0.64453125,-175.1920113,0.02734375,0.64453125,-258.561988,0.0234375,0.640625,-269.3760042,11
0.0234375,0.64453125,-175.1920113,0.0234375,0.6484375,-261.0143879,0.02734375,0.64453125,-258.561988,9
0.00390625,0.5703125,-505.2086969,0.00390625,0.56640625,-437.3273249,0,0.5703125,-219.4148095,10
0.00390625,0.5703125,-505.2086969,0.0078125,0.5703125,-460.701513,0.00390625,0.56640625,-437.3273249,8
0.017578125,0.638671875,-236.8118337,0.01953125,0.63671875,-190.981247,0.01953125,0.640625,-276.0092123,19
0.03125,0.6640625,-213.2146927,0.0234375,0.6640625,-190.1128148,0.03125,0.671875,-187.0430299,108
0.01953125,0.60546875,-316.2367894,0.015625,0.6015625,-373.3656974,0.0234375,0.6015625,-350.3419115,31
0.01953125,0.60546875,-316.2367894,0.015625,0.609375,-344.8751154,0.015625,0.6015625,-373.3656974,27
0.01953125,0.59765625,-409.4676601,0.015625,0.6015625,-373.3656974,0.0234375,0.6015625,-350.3419115,36
0.01953125,0.60546875,-316.2367894,0.0234375,0.609375,-353.5442844,0.0234375,0.6015625,-350.3419115,20
0.01953125,0.60546875,-316.2367894,0.015625,0.609375,-344.8751154,0.0234375,0.609375,-353.5442844,17
0.0390625,0.5859375,-314.6005619,0.03125,0.578125,-376.3385062,0.046875,0.578125,-312.3409773,49
0.03125,0.5859375,-346.5993264,0.0234375,0.5859375,-412.155018,0.03125,0.578125,-376.3385062,58
0.0234375,0.5703125,-471.6333776,0.03125,0.5625,-435.8168658,0.03125,0.578125,-376.3385062,27
0.03125,0.578125,-376.3385062,0.046875,0.578125,-312.3409773,0.03125,0.5625,-435.8168658,56
0.046875,0.59375,-290.3273144,0.046875,0.578125,-312.3409773,0.0625,0.59375,-263.7944822,111
0.0234375,0.578125,-404.1585693,0.0234375,0.5859375,-412.155018,0.03125,0.578125,-376.3385062,26
0.021484375,0.591796875,-307.5215274,0.01953125,0.59375,-350.423,0.01953125,0.58984375,-379.042926,0
0.0234375,0.59765625,-433.0882151,0.0234375,0.6015625,-350.3419115,0.01953125,0.59765625,-409.4676601,18
0,0.703125,327.807613,0.015625,0.703125,99.49266341,0,0.71875,284.1364745,26
0.03125,0.75,4.271736403,0.0625,0.75,-135.357447,0.03125,0.71875,-172.4934247,110
0.0625,0.71875,-144.1158364,0.0625,0.6875,-152.8742257,0.09375,0.71875,-115.738248,275
0.4375,0.4375,110.9322482,0.5,0.5,138.0201374,0.375,0.5,139.4159934,29
0.96875,0.84375,396.3112792,1,0.8125,395.4805955,0.9375,0.8125,369.4189625,20
0.125,0.4375,-154.0054201,0.125,0.375,-174.3358375,0.0625,0.4375,-338.1718129,49
0.03125,0.40625,-574.6725051,0,0.375,-811.1731974,0,0.4375,-1195.650707,12
0.8125,0.875,333.0024985,0.8125,0.9375,407.3601299,0.75,0.875,301.889732,5
1,0.5625,321.9552433,1,0.5,374.1063099,0.9375,0.5625,301.3859858,1
0.9375,0.5,167.034756,0.9375,0.5625,301.3859858,1,0.5,374.1063099,1
0.96875,0.59375,175.1968599,1,0.5625,321.9552433,0.9375,0.5625,301.3859858,7
0.96875,0.59375,175.1968599,1,0.625,279.6609429,1,0.5625,321.9552433,2
0.875,0.9375,388.6411811,0.8125,0.9375,407.3601299,0.875,1,413.1670972,24
0.75,0.9375,382.1425255,0.8125,0.9375,407.3601299,0.75,1,450.6049947,0
0.75,0.9375,382.1425255,0.75,0.875,301.889732,0.8125,0.9375,407.3601299,4
0.046875,0.546875,-375.362418,0.03125,0.5625,-435.8168658,0.0625,0.5625,-307.821808,20
0.03125,0.34375,-891.6308901,0,0.3125,-1200,0.0625,0.3125,-524.6958024,0
0.03125,0.34375,-891.6308901,0,0.375,-811.1731974,0,0.3125,-1200,0
0.9375,0.90625,503.2976541,0.90625,0.90625,470.7246638,0.9375,0.875,393.6594304,4
0.90625,0.96875,329.9642408,0.875,1,413.1670972,0.9375,1,611.4380499,37
0.9375,0.875,393.6594304,0.875,0.875,364.115265,0.9375,0.8125,369.4189625,457
1,0.8125,395.4805955,1,0.75,374.72266,0.9375,0.8125,369.4189625,89
0.96875,0.9375,631.9518325,0.9375,0.9375,612.9358779,0.96875,0.96875,306.4679389,3
0.953125,0.984375,458.9529944,0.9375,0.96875,814.1358628,0.96875,0.96875,306.4679389,0
0.953125,0.984375,458.9529944,0.9375,1,611.4380499,0.9375,0.96875,814.1358628,0
0.96875,0.84375,396.3112792,0.9375,0.875,393.6594304,0.9375,0.8125,369.4189625,174
0.09375,0.65625,-133.2550267,0.125,0.6875,-96.11904907,0.125,0.625,-113.6358277,343
0.09375,0.65625,-133.2550267,0.0625,0.6875,-152.8742257,0.125,0.6875,-96.11904907,786
0.0390625,0.6640625,-217.758323,0.046875,0.65625,-212.8535233,0.046875,0.671875,-196.1302906,54
0.046875,0.640625,-229.576756,0.0625,0.625,-219.7671565,0.0625,0.65625,-186.3206911,123
0.046875,0.671875,-196.1302906,0.0625,0.65625,-186.3206911,0.0625,0.6875,-152.8742257,399
0.0078125,0.6953125,235.4857074,0,0.6875,371.4787515,0.015625,0.6875,-90.14775265,10
0.0078125,0.6796875,26.61005945,0.015625,0.6875,-90.14775265,0.015625,0.671875,-140.8392742,7
0.0078125,0.6796875,26.61005945,0,0.6875,371.4787515,0.015625,0.6875,-90.14775265,3
0.09375,0.71875,-115.738248,0.125,0.6875,-96.11904907,0.0625,0.6875,-152.8742257,245
0.09375,0.71875,-115.738248,0.125,0.75,-78.60227041,0.125,0.6875,-96.11904907,219
0.046875,0.65625,-212.8535233,0.046875,0.671875,-196.1302906,0.0625,0.65625,-186.3206911,190
0.0390625,0.6640625,-217.758323,0.03125,0.671875,-187.0430299,0.046875,0.671875,-196.1302906,183
0.01171875,0.62890625,-349.6387256,0.0078125,0.625,-94.26586474,0.0078125,0.6328125,-162.7163906,4
0.01171875,0.62890625,-349.6387256,0.015625,0.625,-299.365653,0.0078125,0.625,-94.26586474,1
0.01171875,0.62109375,-332.2055242,0.0078125,0.625,-94.26586474,0.0078125,0.6171875,-272.5365802,2
0.01171875,0.62109375,-332.2055242,0.015625,0.625,-299.365653,0.0078125,0.625,-94.26586474,4
0.046875,0.46875,-287.8301226,0.046875,0.484375,-368.965598,0.0625,0.46875,-1200,6
0.046875,0.46875,-287.8301226,0.03125,0.46875,-420.0898005,0.046875,0.484375,-368.965598,2
0.0078125,0.6796875,26.61005945,0,0.671875,268.7378478,0.015625,0.671875,-140.8392742,18
0.0078125,0.6796875,26.61005945,0,0.6875,371.4787515,0,0.671875,268.7378478,1
0.0078125,0.6640625,-55.25120504,0,0.671875,268.7378478,0.015625,0.671875,-140.8392742,28
0.00390625,0.60546875,-266.614406,0.0078125,0.609375,-277.327008,0.0078125,0.6015625,-319.6064655,3
0.00390625,0.60546875,-266.614406,0,0.609375,308.0239446,0.0078125,0.609375,-277.327008,2
0.01171875,0.59765625,-380.9614332,0.015625,0.6015625,-373.3656974,0.0078125,0.6015625,-319.6064655,44
0.015625,0.6015625,-373.3656974,0.015625,0.609375,-344.8751154,0.0078125,0.6015625,-319.6064655,71
0.0078125,0.609375,-277.327008,0.015625,0.609375,-344.8751154,0.0078125,0.6015625,-319.6064655,30
0.9375,0.96875,814.1358628,0.90625,0.96875,329.9642408,0.9375,1,611.4380499,0
0.9375,0.96875,814.1358628,0.9375,0.9375,612.9358779,0.90625,0.96875,329.9642408,0
0.953125,0.890625,455.8645836,0.96875,0.875,408.4315131,0.96875,0.90625,518.0697368,2
0.953125,0.890625,455.8645836,0.9375,0.875,393.6594304,0.96875,0.875,408.4315131,0
0.90625,0.90625,470.7246638,0.9375,0.875,393.6594304,0.875,0.875,364.115265,7
0.984375,0.890625,470.6366663,1,0.875,423.2035958,1,0.90625,421.1203461,0
0.078125,0.609375,-215.2479872,0.0625,0.59375,-263.7944822,0.09375,0.59375,-210.7288178,71
0.013671875,0.658203125,-210.0028152,0.015625,0.66015625,-116.4334019,0.01171875,0.66015625,-81.7746581,5
0.001953125,0.638671875,101.9562197,0.00390625,0.640625,172.7164686,0.00390625,0.63671875,-23.54568854,3
0.001953125,0.638671875,101.9562197,0,0.640625,-151.554176,0.00390625,0.640625,172.7164686,2
0.015625,0.46875,-638.2942325,0.015625,0.484375,-556.4550289,0,0.46875,-848.8292476,3
0.015625,0.46875,-638.2942325,0.03125,0.46875,-420.0898005,0.015625,0.484375,-556.4550289,0
0.0625,0.53125,-312.8316017,0.03125,0.53125,-442.9030281,0.0625,0.5,-317.8413954,60
0.03125,0.5,-409.9245918,0.0625,0.5,-317.8413954,0.03125,0.53125,-442.9030281,64
0.015625,0.515625,-804.3063932,0.03125,0.5,-409.9245918,0.03125,0.53125,-442.9030281,32
0.046875,0.6875,-189.0342651,0.046875,0.671875,-196.1302906,0.03125,0.6875,-66.71574584,58
0.046875,0.6875,-189.0342651,0.0625,0.6875,-152.8742257,0.046875,0.671875,-196.1302906,125
0.03125,0.671875,-187.0430299,0.046875,0.671875,-196.1302906,0.03125,0.6875,-66.71574584,151
0.046875,0.484375,-368.965598,0.03125,0.5,-409.9245918,0.03125,0.46875,-420.0898005,2
0.046875,0.484375,-368.965598,0.0625,0.5,-317.8413954,0.03125,0.5,-409.9245918,4
0.015625,0.484375,-556.4550289,0.03125,0.5,-409.9245918,0.03125,0.46875,-420.0898005,2
0.015625,0.5,-615.2526447,0.015625,0.484375,-556.4550289,0,0.5,-502.0077882,4
0.015625,0.5,-615.2526447,0.03125,0.5,-409.9245918,0.015625,0.484375,-556.4550289,3
0.015625,0.453125,-935.3146293,0,0.4375,-1195.650707,0.03125,0.4375,-766.9112599,24
0.046875,0.453125,-379.1308067,0.03125,0.4375,-766.9112599,0.0625,0.4375,-338.1718129,15
0.03125,0.4375,-766.9112599,0.03125,0.40625,-574.6725051,0,0.4375,-1195.650707,32
0.03125,0.4375,-766.9112599,0.0625,0.4375,-338.1718129,0.03125,0.40625,-574.6725051,2
0.84375,0.90625,385.7376974,0.8125,0.9375,407.3601299,0.875,0.9375,388.6411811,364
0.8125,0.9375,407.3601299,0.75,1,450.6049947,0.875,1,413.1670972,163
0.90625,0.9375,500.7885295,0.90625,0.96875,329.9642408,0.875,0.9375,388.6411811,2
0.90625,0.9375,500.7885295,0.9375,0.9375,612.9358779,0.90625,0.96875,329.9642408,0
0.09375,0.46875,-235.9234077,0.125,0.5,-133.6750026,0.0625,0.5,-317.8413954,14
0.0625,0.1875,-573.0469509,0.125,0.25,-221.790837,0.125,0.125,-271.0381345,4
0.984375,0.9375,732.9115574,0.96875,0.9375,631.9518325,0.984375,0.921875,168.3359423,75
0.96875,0.984375,306.0934819,0.96875,0.96875,306.4679389,0.984375,0.984375,153.2339695,0
0.021484375,0.662109375,-144.5313594,0.0234375,0.66015625,-188.6379447,0.0234375,0.6640625,-190.1128148,29
0.021484375,0.662109375,-144.5313594,0.01953125,0.66015625,-149.205463,0.0234375,0.66015625,-188.6379447,18
0.021484375,0.658203125,-113.2479764,0.0234375,0.66015625,-188.6379447,0.01953125,0.66015625,-149.205463,15
0.017578125,0.654296875,-250.0503977,0.015625,0.65234375,-151.8841885,0.01953125,0.65234375,-184.6562495,9
0.017578125,0.654296875,-250.0503977,0.015625,0.65625,-108.2981112,0.015625,0.65234375,-151.8841885,17
0.017578125,0.650390625,-190.0632576,0.015625,0.65234375,-151.8841885,0.01953125,0.65234375,-184.6562495,15
0.017578125,0.650390625,-190.0632576,0.015625,0.6484375,-195.4702657,0.015625,0.65234375,-151.8841885,11
0.017578125,0.642578125,-186.0340597,0.015625,0.640625,-282.6424203,0.015625,0.64453125,-239.056343,12
0.017578125,0.642578125,-186.0340597,0.01953125,0.640625,-276.0092123,0.01953125,0.64453125,-271.8284041,9
0.0234375,0.58984375,-463.9947683,0.02734375,0.58984375,-364.5075823,0.0234375,0.59375,-515.8345187,13
0.0234375,0.58984375,-463.9947683,0.0234375,0.5859375,-412.155018,0.02734375,0.58984375,-364.5075823,11
0.02734375,0.59375,-416.3473326,0.02734375,0.58984375,-364.5075823,0.0234375,0.59375,-515.8345187,12
0.02734375,0.59375,-416.3473326,0.03125,0.59375,-316.8601466,0.02734375,0.58984375,-364.5075823,23
0.021484375,0.591796875,-307.5215274,0.0234375,0.58984375,-463.9947683,0.01953125,0.58984375,-379.042926,7
0.021484375,0.591796875,-307.5215274,0.0234375,0.59375,-515.8345187,0.0234375,0.58984375,-463.9947683,32
0.0078125,0.66015625,-49.00259703,0.00390625,0.66015625,222.4580528,0.0078125,0.65625,-42.75398901,4
0.0078125,0.66015625,-49.00259703,0.0078125,0.6640625,-55.25120504,0.00390625,0.66015625,222.4580528,1
0.01171875,0.640625,-249.8703593,0.01171875,0.64453125,-206.284282,0.0078125,0.640625,-217.0982982,5
0.01171875,0.640625,-249.8703593,0.015625,0.640625,-282.6424203,0.01171875,0.64453125,-206.284282,3
0.015625,0.64453125,-239.056343,0.01171875,0.64453125,-206.284282,0.015625,0.6484375,-195.4702657,7
0.015625,0.64453125,-239.056343,0.015625,0.640625,-282.6424203,0.01171875,0.64453125,-206.284282,5
0.005859375,0.587890625,-375.8266223,0.00390625,0.5859375,-376.9352952,0.0078125,0.5859375,-401.4183489,17
0.005859375,0.587890625,-375.8266223,0.00390625,0.58984375,-346.8029238,0.00390625,0.5859375,-376.9352952,6
0.00390625,0.56640625,-437.3273249,0,0.5625,-413.9531367,0,0.5703125,-219.4148095,53
0.02734375,0.65234375,-250.2003717,0.03125,0.6484375,-247.7479718,0.03125,0.65625,-239.3863554,78
0.02734375,0.65234375,-250.2003717,0.0234375,0.6484375,-261.0143879,0.03125,0.6484375,-247.7479718,34
0.0390625,0.6484375,-234.4815557,0.046875,0.65625,-212.8535233,0.03125,0.65625,-239.3863554,118
0.0390625,0.6484375,-234.4815557,0.046875,0.640625,-229.576756,0.046875,0.65625,-212.8535233,40
0.0390625,0.6640625,-217.758323,0.03125,0.65625,-239.3863554,0.046875,0.65625,-212.8535233,123
0.001953125,0.587890625,-236.3573165,0.00390625,0.5859375,-376.9352952,0.00390625,0.58984375,-346.8029238,17
0.017578125,0.64453125,-255.4423736,0.017578125,0.642578125,-186.0340597,0.015625,0.64453125,-239.056343,6
0.017578125,0.64453125,-255.4423736,0.01953125,0.64453125,-271.8284041,0.017578125,0.642578125,-186.0340597,0
0.017578125,0.64453125,-255.4423736,0.017578125,0.646484375,-210.4139611,0.015625,0.64453125,-239.056343,9
0.00390625,0.578125,-392.8649518,0.0078125,0.578125,-431.059931,0.00390625,0.58203125,-378.0441608,17
0.00390625,0.57421875,-407.6857428,0.0078125,0.578125,-431.059931,0.0078125,0.5703125,-460.701513,16
0.00390625,0.5859375,-376.9352952,0.00390625,0.58203125,-378.0441608,0,0.5859375,-101.1417424,24
0.00390625,0.5859375,-376.9352952,0.0078125,0.5859375,-401.4183489,0.00390625,0.58203125,-378.0441608,30
0.15625,0.5625,-100.5396101,0.15625,0.59375,-3.017339919,0.125,0.5625,-123.6554152,3
0.15625,0.5625,-100.5396101,0.1875,0.5625,-42.79940869,0.15625,0.59375,-3.017339919,0
0.0625,0.71875,-144.1158364,0.09375,0.71875,-115.738248,0.0625,0.75,-135.357447,419
0.046875,0.6875,-189.0342651,0.046875,0.703125,-162.6838252,0.03125,0.6875,-66.71574584,8
0.046875,0.6875,-189.0342651,0.0625,0.6875,-152.8742257,0.046875,0.703125,-162.6838252,21
0.03125,0.703125,-119.6045852,0.046875,0.703125,-162.6838252,0.03125,0.6875,-66.71574584,27
0.03125,0.703125,-119.6045852,0.03125,0.71875,-172.4934247,0.046875,0.703125,-162.6838252,101
0.046875,0.703125,-162.6838252,0.0625,0.71875,-144.1158364,0.0625,0.6875,-152.8742257,140
0.0078125,0.578125,-431.059931,0.015625,0.578125,-507.4498893,0.0078125,0.5859375,-401.4183489,94
0.015625,0.71875,55.8215249,0.015625,0.734375,107.3021372,0,0.71875,284.1364745,26
0.015625,0.71875,55.8215249,0.03125,0.71875,-172.4934247,0.015625,0.734375,107.3021372,172
0,0.734375,46.01192541,0,0.71875,284.1364745,0.015625,0.734375,107.3021372,10
0.015625,0.75,32.58684352,0.03125,0.75,4.271736403,0.015625,0.734375,107.3021372,21
0.015625,0.6640625,-124.5686927,0.015625,0.671875,-140.8392742,0.0078125,0.6640625,-55.25120504,32
0,0.6640625,419.8247555,0.0078125,0.6640625,-55.25120504,0,0.671875,268.7378478,7
0.00390625,0.66015625,222.4580528,0,0.6640625,419.8247555,0.0078125,0.6640625,-55.25120504,5
0.00390625,0.66015625,222.4580528,0,0.65625,22.79013313,0,0.6640625,419.8247555,8
0.015625,0.59765625,-359.6482657,0.015625,0.6015625,-373.3656974,0.01171875,0.59765625,-380.9614332,28
0.5,0.625,75.48347004,0.625,0.625,207.3549507,0.5,0.75,197.2665616,1439
0.5,0.625,75.48347004,0.5,0.5,138.0201374,0.625,0.625,207.3549507,1176
0.625,0.75,202.7925589,0.625,0.625,207.3549507,0.5,0.75,197.2665616,1895
0.625,0.75,202.7925589,0.75,0.75,283.2534594,0.625,0.625,207.3549507,1511
0.375,0.25,30.55496534,0.375,0.125,4.797378768,0.5,0.25,78.71885337,2458
0.375,0.25,30.55496534,0.25,0.25,5.910684397,0.375,0.125,4.797378768,892
0.5,0.125,-58.0031994,0.375,0.125,4.797378768,0.5,0,-16.4536908,36
0.015625,0.484375,-556.4550289,0,0.5,-502.0077882,0,0.46875,-848.8292476,7
0.015625,0.453125,-935.3146293,0,0.4375,-1195.650707,0,0.46875,-848.8292476,13
0.96875,0.59375,175.1968599,1,0.625,279.6609429,0.9375,0.625,254.1633023,5
0.6875,0.5625,185.9344144,0.625,0.5,140.8702469,0.625,0.625,207.3549507,742
0.046875,0.765625,-44.8231422,0.0625,0.75,-135.357447,0.0625,0.78125,-114.3376285,74
0.046875,0.765625,-44.8231422,0.0625,0.78125,-114.3376285,0.03125,0.78125,45.71116263,38
0.078125,0.609375,-215.2479872,0.09375,0.625,-166.7014921,0.09375,0.59375,-210.7288178,66
0.078125,0.609375,-215.2479872,0.0625,0.625,-219.7671565,0.09375,0.625,-166.7014921,2
0.04296875,0.59765625,-333.6721137,0.046875,0.6015625,-279.320483,0.0390625,0.6015625,-292.5868991,33
0.04296875,0.59765625,-333.6721137,0.046875,0.59375,-290.3273144,0.046875,0.6015625,-279.320483,19
0.0625,0.609375,-241.7808193,0.078125,0.609375,-215.2479872,0.0625,0.625,-219.7671565,49
0.0625,0.609375,-241.7808193,0.0625,0.59375,-263.7944822,0.078125,0.609375,-215.2479872,154
0,0.595703125,71.38635318,0.001953125,0.595703125,-301.4417228,0,0.59765625,21.69708365,10
0,0.595703125,71.38635318,0,0.59375,-295.3868085,0.001953125,0.595703125,-301.4417228,10
0.02734375,0.66015625,-214.7495851,0.03125,0.6640625,-213.2146927,0.03125,0.65625,-239.3863554,67
0.02734375,0.66015625,-214.7495851,0.0234375,0.6640625,-190.1128148,0.03125,0.6640625,-213.2146927,97
0.0078125,0.65234375,-86.34006631,0.0078125,0.6484375,-129.9261436,0.01171875,0.65234375,-119.1121274,15
0.021484375,0.65625,-25.94711398,0.021484375,0.658203125,-113.2479764,0.01953125,0.65625,-262.7578093,0
0.021484375,0.65625,-25.94711398,0.0234375,0.65625,-417.2175075,0.021484375,0.658203125,-113.2479764,16
0.0234375,0.65234375,-339.1159477,0.0234375,0.6484375,-261.0143879,0.02734375,0.65234375,-250.2003717,25
0.001953125,0.572265625,-313.5502761,0,0.5703125,-219.4148095,0,0.57421875,-228.8992509,34
0,0.580078125,-89.2890129,0.001953125,0.580078125,-366.3570667,0,0.58203125,-136.5698114,19
0,0.580078125,-89.2890129,0,0.578125,-354.6699726,0.001953125,0.580078125,-366.3570667,23
0.025390625,0.595703125,-292.2161857,0.0234375,0.59765625,-433.0882151,0.02734375,0.59765625,-350.320116,10
0.025390625,0.595703125,-292.2161857,0.0234375,0.59375,-515.8345187,0.0234375,0.59765625,-433.0882151,4
0.021484375,0.658203125,-113.2479764,0.01953125,0.65625,-262.7578093,0.01953125,0.66015625,-149.205463,0
0.015625,0.66015625,-116.4334019,0.015625,0.6640625,-124.5686927,0.01953125,0.66015625,-149.205463,13
0.01953125,0.6640625,-157.3407538,0.01953125,0.66015625,-149.205463,0.015625,0.6640625,-124.5686927,48
0.017578125,0.658203125,-128.7517871,0.01953125,0.65625,-262.7578093,0.01953125,0.66015625,-149.205463,57
0.017578125,0.65625,-297.1824012,0.017578125,0.658203125,-128.7517871,0.015625,0.65625,-108.2981112,12
0.025390625,0.654296875,-165.0724415,0.02734375,0.65625,-201.6659708,0.02734375,0.65234375,-250.2003717,0
0.021484375,0.650390625,-222.8353187,0.0234375,0.65234375,-339.1159477,0.0234375,0.6484375,-261.0143879,10
0.021484375,0.650390625,-222.8353187,0.01953125,0.65234375,-184.6562495,0.0234375,0.65234375,-339.1159477,10
0.017578125,0.65625,-297.1824012,0.017578125,0.654296875,-250.0503977,0.015625,0.65625,-108.2981112,3
0.01953125,0.654296875,-223.7070294,0.01953125,0.65234375,-184.6562495,0.017578125,0.654296875,-250.0503977,21
0.021484375,0.658203125,-113.2479764,0.0234375,0.65625,-417.2175075,0.0234375,0.66015625,-188.6379447,25
0.015625,0.66015625,-116.4334019,0.015625,0.6640625,-124.5686927,0.01171875,0.66015625,-81.7746581,7
0.01953125,0.654296875,-223.7070294,0.021484375,0.654296875,-53.83783179,0.01953125,0.65625,-262.7578093,0
0.01953125,0.654296875,-223.7070294,0.01953125,0.65234375,-184.6562495,0.021484375,0.654296875,-53.83783179,0
0.013671875,0.658203125,-210.0028152,0.015625,0.65625,-108.2981112,0.015625,0.66015625,-116.4334019,1
0.017578125,0.65625,-297.1824012,0.01953125,0.65625,-262.7578093,0.017578125,0.658203125,-128.7517871,0
0.01953125,0.6640625,-157.3407538,0.01953125,0.66796875,-165.4760445,0.015625,0.6640625,-124.5686927,51
0.01953125,0.6640625,-157.3407538,0.0234375,0.6640625,-190.1128148,0.01953125,0.66796875,-165.4760445,11
0.0078125,0.66015625,-49.00259703,0.0078125,0.6640625,-55.25120504,0.01171875,0.66015625,-81.7746581,8
0.017578125,0.658203125,-128.7517871,0.015625,0.66015625,-116.4334019,0.01953125,0.66015625,-149.205463,8
0.0625,0.375,-492.7545175,0.125,0.375,-174.3358375,0.0625,0.4375,-338.1718129,8
0.8125,0.8125,323.6843622,0.875,0.75,329.6647764,0.75,0.75,283.2534594,1352
0.8125,0.8125,323.6843622,0.875,0.875,364.115265,0.875,0.75,329.6647764,454
0.9375,0.8125,369.4189625,1,0.75,374.72266,0.875,0.75,329.6647764,1359
0.15625,0.59375,-3.017339919,0.1875,0.625,-193.5632414,0.125,0.625,-113.6358277,1
0.15625,0.59375,-3.017339919,0.1875,0.5625,-42.79940869,0.1875,0.625,-193.5632414,0
0.1875,0.625,-193.5632414,0.1875,0.6875,-136.0009347,0.25,0.625,47.48188868,2
0.1875,0.625,-193.5632414,0.125,0.625,-113.6358277,0.1875,0.6875,-136.0009347,2
0.125,0.6875,-96.11904907,0.1875,0.6875,-136.0009347,0.125,0.75,-78.60227041,3
0.125,0.6875,-96.11904907,0.125,0.625,-113.6358277,0.1875,0.6875,-136.0009347,15
0.1875,0.75,-118.4841561,0.1875,0.6875,-136.0009347,0.125,0.75,-78.60227041,1
0.1875,0.75,-118.4841561,0.25,0.75,-158.3660417,0.1875,0.6875,-136.0009347,0
0.984375,0.953125,570.1696106,0.96875,0.9375,631.9518325,0.96875,0.96875,306.4679389,4
0.9765625,0.9921875,229.4764972,0.984375,1,840.4081669,0.984375,0.984375,153.2339695,0
0.953125,0.90625,510.6836955,0.953125,0.890625,455.8645836,0.9375,0.90625,503.2976541,4
0.953125,0.90625,510.6836955,0.96875,0.90625,518.0697368,0.953125,0.890625,455.8645836,5
0.890625,0.921875,330.6245756,0.875,0.90625,376.3782231,0.90625,0.90625,470.7246638,0
0.890625,0.921875,330.6245756,0.875,0.9375,388.6411811,0.875,0.90625,376.3782231,85
0.9375,0.921875,349.763551,0.9375,0.9375,612.9358779,0.953125,0.921875,195.9579516,24
0.96875,0.921875,353.2072384,0.984375,0.921875,168.3359423,0.96875,0.9375,631.9518325,70
0.75,0.125,-4.292170396,0.625,0.125,-19.53754837,0.75,0,14.03706515,0
0.75,0.125,-4.292170396,0.75,0.25,-22.62140594,0.625,0.125,-19.53754837,0
0.625,0,-1.208312825,0.625,0.125,-19.53754837,0.75,0,14.03706515,0
0.625,0,-1.208312825,0.5,0,-16.4536908,0.625,0.125,-19.53754837,0
0.5,0.125,-58.0031994,0.625,0.125,-19.53754837,0.5,0,-16.4536908,0
0.5,0.125,-58.0031994,0.5,0.25,78.71885337,0.625,0.125,-19.53754837,0
0.625,0.25,-189.4300149,0.625,0.125,-19.53754837,0.5,0.25,78.71885337,0
0.625,0.25,-189.4300149,0.75,0.25,-22.62140594,0.625,0.125,-19.53754837,0
0.4375,0.4375,110.9322482,0.5,0.375,109.3801454,0.375,0.375,83.84435893,82
0.4375,0.4375,110.9322482,0.5,0.5,138.0201374,0.5,0.375,109.3801454,937
0.75,0.9375,382.1425255,0.6875,0.9375,357.307756,0.75,1,450.6049947,0
0.75,0.9375,382.1425255,0.75,0.875,301.889732,0.6875,0.9375,357.307756,1
0,0.546875,-476.5609008,0,0.53125,-785.5944486,0.015625,0.546875,-622.718021,82
0.9765625,0.9140625,343.2028396,0.984375,0.921875,168.3359423,0.96875,0.921875,353.2072384,0
0.90625,0.96875,329.9642408,0.875,1,413.1670972,0.875,0.9375,388.6411811,9
0.96875,0.921875,353.2072384,0.953125,0.921875,195.9579516,0.96875,0.9375,631.9518325,76
0.921875,0.921875,448.1613437,0.9375,0.90625,503.2976541,0.90625,0.90625,470.7246638,0
0.953125,0.890625,455.8645836,0.9375,0.875,393.6594304,0.9375,0.90625,503.2976541,4
0.9609375,0.9140625,357.0138442,0.96875,0.921875,353.2072384,0.953125,0.921875,195.9579516,0
0.9609375,0.9140625,357.0138442,0.96875,0.90625,518.0697368,0.96875,0.921875,353.2072384,0
0.953125,0.921875,195.9579516,0.96875,0.9375,631.9518325,0.9375,0.9375,612.9358779,156
0.025390625,0.65625,-152.6399591,0.02734375,0.65625,-201.6659708,0.025390625,0.658203125,-198.8032245,0
0.01953125,0.650390625,-175.2848975,0.01953125,0.65234375,-184.6562495,0.021484375,0.650390625,-222.8353187,0
0,0.591796875,100.4952192,0.001953125,0.591796875,-321.0948661,0,0.59375,-295.3868085,11
0,0.591796875,100.4952192,0,0.58984375,-62.55950439,0.001953125,0.591796875,-321.0948661,7
0.01171875,0.59375,-411.9806551,0.01171875,0.58984375,-401.6901911,0.0078125,0.59375,-399.5683685,31
0.01171875,0.59375,-411.9806551,0.015625,0.59375,-345.930834,0.01171875,0.58984375,-401.6901911,16
0.046875,0.65625,-212.8535233,0.046875,0.640625,-229.576756,0.0625,0.65625,-186.3206911,115
0.0234375,0.6328125,-277.7376206,0.03125,0.625,-272.8328208,0.015625,0.625,-299.365653,22
0.21875,0.515625,-25.13497385,0.203125,0.515625,24.93824515,0.21875,0.5,-12.39099289,0
0.21875,0.515625,-25.13497385,0.21875,0.53125,-7.381199168,0.203125,0.515625,24.93824515,2
0.8125,0.53125,270.0968523,0.78125,0.53125,180.551824,0.8125,0.5,62.2385401,11
0.8125,0.53125,270.0968523,0.8125,0.5625,196.5897699,0.78125,0.53125,180.551824,7
0.75,0.5625,198.2532492,0.6875,0.5625,185.9344144,0.75,0.5,164.5138781,185
0.046875,0.640625,-229.576756,0.0625,0.625,-219.7671565,0.03125,0.625,-272.8328208,78
0.0234375,0.640625,-269.3760042,0.0234375,0.6328125,-277.7376206,0.03125,0.640625,-256.1095881,42
0.09375,0.53125,-220.7484053,0.125,0.5,-133.6750026,0.0625,0.5,-317.8413954,155
0.90625,0.59375,265.0258238,0.9375,0.625,254.1633023,0.875,0.625,228.6656617,40
0.15625,0.5,-93.24699938,0.1875,0.5,-52.81899614,0.15625,0.46875,-103.4122081,2
0.125,0.46875,-143.8402114,0.125,0.4375,-154.0054201,0.15625,0.46875,-103.4122081,236
0.9375,0.59375,145.7577286,0.96875,0.59375,175.1968599,0.9375,0.625,254.1633023,3
0.9375,0.59375,145.7577286,0.9375,0.5625,301.3859858,0.96875,0.59375,175.1968599,9
0.013671875,0.654296875,-113.7051193,0.015625,0.65234375,-151.8841885,0.01171875,0.65234375,-119.1121274,20
0.013671875,0.654296875,-113.7051193,0.015625,0.65625,-108.2981112,0.015625,0.65234375,-151.8841885,2
0.017578125,0.6484375,-142.2641073,0.017578125,0.650390625,-190.0632576,0.015625,0.6484375,-195.4702657,7
0.015625,0.65234375,-151.8841885,0.015625,0.6484375,-195.4702657,0.01171875,0.65234375,-119.1121274,20
0.015625,0.765625,199.8221187,0,0.78125,268.3387054,0.03125,0.78125,45.71116263,21
0.015625,0.765625,199.8221187,0,0.75,-192.1126236,0,0.78125,268.3387054,6
0.03125,0.765625,-63.97010002,0.015625,0.765625,199.8221187,0.03125,0.75,4.271736403,16
0.03125,0.765625,-63.97010002,0.03125,0.78125,45.71116263,0.015625,0.765625,199.8221187,23
0.015625,0.75,32.58684352,0.015625,0.765625,199.8221187,0,0.75,-192.1126236,0
0.015625,0.75,32.58684352,0.03125,0.75,4.271736403,0.015625,0.765625,199.8221187,7
0.03125,0.765625,-63.97010002,0.046875,0.765625,-44.8231422,0.03125,0.75,4.271736403,12
0.03125,0.765625,-63.97010002,0.03125,0.78125,45.71116263,0.046875,0.765625,-44.8231422,21
0.009765625,0.654296875,-80.9330582,0.0078125,0.65234375,-86.34006631,0.01171875,0.65234375,-119.1121274,4
0.009765625,0.654296875,-80.9330582,0.0078125,0.65625,-42.75398901,0.0078125,0.65234375,-86.34006631,11
0.00390625,0.578125,-392.8649518,0.0078125,0.578125,-431.059931,0.00390625,0.57421875,-407.6857428,11
0.01953125,0.640625,-276.0092123,0.01953125,0.64453125,-271.8284041,0.0234375,0.640625,-269.3760042,4
0.0234375,0.64453125,-175.1920113,0.01953125,0.64453125,-271.8284041,0.0234375,0.640625,-269.3760042,17
0.017578125,0.591796875,-362.48688,0.015625,0.58984375,-386.8501506,0.01953125,0.58984375,-379.042926,16
0.017578125,0.591796875,-362.48688,0.015625,0.59375,-345.930834,0.015625,0.58984375,-386.8501506,15
0.025390625,0.65625,-152.6399591,0.025390625,0.658203125,-198.8032245,0.0234375,0.65625,-417.2175075,30
0.017578125,0.638671875,-236.8118337,0.015625,0.63671875,-286.8232285,0.015625,0.640625,-282.6424203,5
0.017578125,0.638671875,-236.8118337,0.01953125,0.63671875,-190.981247,0.015625,0.63671875,-286.8232285,4
0,0.58203125,-136.5698114,0.00390625,0.58203125,-378.0441608,0,0.5859375,-101.1417424,28
0.0078125,0.6171875,-272.5365802,0,0.625,-325.8984852,0,0.609375,308.0239446,10
0.009765625,0.638671875,-58.53133112,0.01171875,0.640625,-249.8703593,0.01171875,0.63671875,-222.6794055,7
0.009765625,0.638671875,-58.53133112,0.0078125,0.640625,-217.0982982,0.01171875,0.640625,-249.8703593,2
0.001953125,0.580078125,-366.3570667,0,0.58203125,-136.5698114,0.00390625,0.58203125,-378.0441608,16
0.017578125,0.646484375,-210.4139611,0.015625,0.6484375,-195.4702657,0.015625,0.64453125,-239.056343,6
0.001953125,0.57421875,-429.3403265,0.001953125,0.572265625,-313.5502761,0,0.57421875,-228.8992509,0
0.001953125,0.57421875,-429.3403265,0.00390625,0.57421875,-407.6857428,0.001953125,0.572265625,-313.5502761,6
0.01171875,0.65234375,-119.1121274,0.015625,0.6484375,-195.4702657,0.0078125,0.6484375,-129.9261436,17
0.00390625,0.65234375,164.3184578,0,0.65625,22.79013313,0.0078125,0.65625,-42.75398901,5
0.0078125,0.65234375,-86.34006631,0.00390625,0.65234375,164.3184578,0.0078125,0.65625,-42.75398901,3
0.0078125,0.65234375,-86.34006631,0.0078125,0.6484375,-129.9261436,0.00390625,0.65234375,164.3184578,11
0.0625,0.78125,-114.3376285,0.09375,0.78125,-85.96004023,0.0625,0.75,-135.357447,76
0.0625,0.78125,-114.3376285,0.0625,0.8125,-93.31781004,0.09375,0.78125,-85.96004023,210
0.005859375,0.587890625,-375.8266223,0.0078125,0.58984375,-380.8169383,0.0078125,0.5859375,-401.4183489,0
0.005859375,0.587890625,-375.8266223,0.00390625,0.58984375,-346.8029238,0.0078125,0.58984375,-380.8169383,16
0.015625,0.59765625,-359.6482657,0.015625,0.6015625,-373.3656974,0.01953125,0.59765625,-409.4676601,20
0.234375,0.515625,10.32790559,0.25,0.53125,32.89822993,0.21875,0.53125,-7.381199168,150
0.234375,0.515625,10.32790559,0.25,0.5,28.03701035,0.25,0.53125,32.89822993,280
0.28125,0.53125,37.98438155,0.25,0.5,28.03701035,0.3125,0.5,83.72650187,253
0.28125,0.46875,41.98884749,0.25,0.5,28.03701035,0.3125,0.5,83.72650187,201
0.25,0.53125,32.89822993,0.25,0.5625,37.75944951,0.28125,0.53125,37.98438155,39
0.21875,0.515625,-25.13497385,0.234375,0.515625,10.32790559,0.21875,0.5,-12.39099289,24
0.21875,0.515625,-25.13497385,0.21875,0.53125,-7.381199168,0.234375,0.515625,10.32790559,20
0.01171875,0.62109375,-332.2055242,0.015625,0.6171875,-322.1203842,0.0078125,0.6171875,-272.5365802,1
0.01171875,0.62109375,-332.2055242,0.015625,0.625,-299.365653,0.015625,0.6171875,-322.1203842,4
0.02734375,0.59375,-416.3473326,0.03125,0.59375,-316.8601466,0.02734375,0.59765625,-350.320116,19
0.0234375,0.59765625,-433.0882151,0.0234375,0.6015625,-350.3419115,0.02734375,0.59765625,-350.320116,14
0.21875,0.53125,-7.381199168,0.25,0.5625,37.75944951,0.1875,0.5625,-42.79940869,67
0.28125,0.53125,37.98438155,0.3125,0.5,83.72650187,0.3125,0.5625,47.93175274,6
0.171875,0.515625,68.8960579,0.1875,0.53125,-47.80920241,0.15625,0.53125,-125.5650619,0
0.171875,0.515625,68.8960579,0.1875,0.5,-52.81899614,0.1875,0.53125,-47.80920241,0
0.25,0.53125,32.89822993,0.28125,0.53125,37.98438155,0.25,0.5,28.03701035,242
0.3125,0.5,83.72650187,0.375,0.5,139.4159934,0.3125,0.5625,47.93175274,16
0.28125,0.53125,37.98438155,0.25,0.5625,37.75944951,0.3125,0.5625,47.93175274,5
0.25,0.53125,32.89822993,0.25,0.5625,37.75944951,0.21875,0.53125,-7.381199168,106
0.203125,0.515625,24.93824515,0.1875,0.53125,-47.80920241,0.21875,0.53125,-7.381199168,0
0.203125,0.515625,24.93824515,0.1875,0.5,-52.81899614,0.1875,0.53125,-47.80920241,0
0.875,0.53125,225.134816,0.84375,0.53125,295.3527196,0.875,0.5,-40.03679789,5
0.875,0.53125,225.134816,0.875,0.5625,156.8140956,0.84375,0.53125,295.3527196,2
0.78125,0.53125,180.551824,0.75,0.5,164.5138781,0.8125,0.5,62.2385401,361
0.84375,0.53125,295.3527196,0.875,0.5,-40.03679789,0.8125,0.5,62.2385401,7
0.8125,0.53125,270.0968523,0.84375,0.53125,295.3527196,0.8125,0.5,62.2385401,8
0.8125,0.53125,270.0968523,0.8125,0.5625,196.5897699,0.84375,0.53125,295.3527196,4
0.015625,0.5,-615.2526447,0.015625,0.515625,-804.3063932,0,0.5,-502.0077882,24
0.015625,0.5,-615.2526447,0.03125,0.5,-409.9245918,0.015625,0.515625,-804.3063932,7
0.75,0.5625,198.2532492,0.75,0.625,231.9926203,0.6875,0.5625,185.9344144,1659
0.78125,0.53125,180.551824,0.75,0.5625,198.2532492,0.8125,0.5625,196.5897699,37
0.78125,0.53125,180.551824,0.75,0.5,164.5138781,0.75,0.5625,198.2532492,791
0.0078125,0.5546875,-518.3355789,0,0.546875,-476.5609008,0.015625,0.546875,-622.718021,13
0.0078125,0.5546875,-518.3355789,0,0.5625,-413.9531367,0,0.546875,-476.5609008,29
0.9375,0.4375,177.008736,0.875,0.5,-40.03679789,0.875,0.375,-20.0888379,8
0.8125,0.4375,72.2125201,0.875,0.5,-40.03679789,0.875,0.375,-20.0888379,0
0.75,0.625,231.9926203,0.75,0.75,283.2534594,0.625,0.625,207.3549507,2456
0.25,0.125,15.02685967,0.125,0.125,-271.0381345,0.25,0,-100.9017013,695
0.125,0,-359.5959634,0.125,0.125,-271.0381345,0.25,0,-100.9017013,251
0.125,0,-359.5959634,0,0,-386.4251092,0.125,0.125,-271.0381345,0
0.75,0.5625,198.2532492,0.75,0.625,231.9926203,0.8125,0.5625,196.5897699,2287
0.8125,0.5625,196.5897699,0.75,0.625,231.9926203,0.875,0.625,228.6656617,256
0.5,0.375,109.3801454,0.375,0.375,83.84435893,0.5,0.25,78.71885337,4189
0.375,0.25,30.55496534,0.375,0.375,83.84435893,0.5,0.25,78.71885337,2931
0.375,0.25,30.55496534,0.25,0.25,5.910684397,0.375,0.375,83.84435893,4036
0.3125,0.5625,47.93175274,0.375,0.5,139.4159934,0.375,0.625,67.82649514,12
0.34375,0.46875,97.67833902,0.375,0.5,139.4159934,0.3125,0.5,83.72650187,12
0.0625,0.1875,-573.0469509,0,0.125,-644.0282045,0.125,0.125,-271.0381345,1
0.0625,0.1875,-573.0469509,0,0.25,-875.0557673,0,0.125,-644.0282045,0
0.9375,0.96875,814.1358628,0.9375,0.9375,612.9358779,0.96875,0.96875,306.4679389,7
1,0.375,303.7578133,1,0.25,209.3170655,0.875,0.375,-20.0888379,0
0.046875,0.703125,-162.6838252,0.03125,0.71875,-172.4934247,0.0625,0.71875,-144.1158364,171
0.625,0.75,202.7925589,0.75,0.75,283.2534594,0.625,0.875,264.0105173,219
0.5,0.875,153.5996714,0.625,0.875,264.0105173,0.5,1,159.6288677,2
0.5,0.875,153.5996714,0.5,0.75,197.2665616,0.625,0.875,264.0105173,3
0.04296875,0.59765625,-333.6721137,0.0390625,0.59375,-303.5937305,0.0390625,0.6015625,-292.5868991,12
0.04296875,0.59765625,-333.6721137,0.046875,0.59375,-290.3273144,0.0390625,0.59375,-303.5937305,16
0.01953125,0.66796875,-165.4760445,0.0234375,0.671875,-163.941152,0.0234375,0.6640625,-190.1128148,46
0.01953125,0.66796875,-165.4760445,0.015625,0.671875,-140.8392742,0.0234375,0.671875,-163.941152,38
0.025390625,0.658203125,-198.8032245,0.02734375,0.65625,-201.6659708,0.02734375,0.66015625,-214.7495851,0
0.9375,0.8125,369.4189625,0.875,0.75,329.6647764,0.875,0.875,364.115265,1170
0.01171875,0.62890625,-349.6387256,0.015625,0.6328125,-291.0040367,0.0078125,0.6328125,-162.7163906,4
0.01171875,0.62890625,-349.6387256,0.015625,0.625,-299.365653,0.015625,0.6328125,-291.0040367,2
0.01171875,0.63671875,-222.6794055,0.0078125,0.6328125,-162.7163906,0.015625,0.6328125,-291.0040367,10
0.0234375,0.6328125,-277.7376206,0.03125,0.625,-272.8328208,0.03125,0.640625,-256.1095881,69
0.03125,0.640625,-256.1095881,0.046875,0.640625,-229.576756,0.03125,0.625,-272.8328208,66
0.0390625,0.6484375,-234.4815557,0.046875,0.640625,-229.576756,0.03125,0.640625,-256.1095881,90
0.015625,0.6328125,-291.0040367,0.0234375,0.6328125,-277.7376206,0.015625,0.625,-299.365653,16
0.01953125,0.63671875,-190.981247,0.0234375,0.6328125,-277.7376206,0.015625,0.6328125,-291.0040367,12
0.15625,0.515625,-80.69240021,0.15625,0.53125,-125.5650619,0.140625,0.515625,-129.6200323,1
0.140625,0.5,-113.461001,0.140625,0.515625,-129.6200323,0.125,0.5,-133.6750026,18
0.09375,0.5625,-158.0239498,0.09375,0.53125,-220.7484053,0.125,0.5625,-123.6554152,56
0.125,0.53125,-128.6652089,0.09375,0.53125,-220.7484053,0.125,0.5,-133.6750026,428
0.125,0.53125,-128.6652089,0.125,0.5625,-123.6554152,0.09375,0.53125,-220.7484053,177
0.09375,0.5625,-158.0239498,0.0625,0.5625,-307.821808,0.09375,0.53125,-220.7484053,18
0.0625,0.53125,-312.8316017,0.09375,0.53125,-220.7484053,0.0625,0.5,-317.8413954,37
0.0625,0.53125,-312.8316017,0.0625,0.5625,-307.821808,0.09375,0.53125,-220.7484053,66
0.140625,0.515625,-129.6200323,0.125,0.53125,-128.6652089,0.15625,0.53125,-125.5650619,1
0.140625,0.515625,-129.6200323,0.125,0.5,-133.6750026,0.125,0.53125,-128.6652089,203
0.1484375,0.5078125,52.00908071,0.15625,0.515625,-80.69240021,0.140625,0.515625,-129.6200323,0
0.1484375,0.5078125,52.00908071,0.15625,0.5,-93.24699938,0.15625,0.515625,-80.69240021,0
0.00390625,0.64453125,0.7809950796,0,0.6484375,346.7425789,0.0078125,0.6484375,-129.9261436,19
0.00390625,0.64453125,0.7809950796,0,0.640625,-151.554176,0,0.6484375,346.7425789,5
0.00390625,0.65234375,164.3184578,0,0.6484375,346.7425789,0.0078125,0.6484375,-129.9261436,10
0.125,0.796875,-116.5794287,0.140625,0.796875,-57.04301409,0.125,0.78125,-196.5962239,0
0.01171875,0.654296875,-155.3271779,0.013671875,0.654296875,-113.7051193,0.01171875,0.65625,-75.52605008,0
0.01171875,0.654296875,-155.3271779,0.01171875,0.65234375,-119.1121274,0.013671875,0.654296875,-113.7051193,0
0.0185546875,0.6455078125,-241.121015,0.017578125,0.64453125,-255.4423736,0.01953125,0.64453125,-271.8284041,0
0.0185546875,0.6455078125,-241.121015,0.017578125,0.646484375,-210.4139611,0.017578125,0.64453125,-255.4423736,0
0.984375,0.875,432.1488681,0.984375,0.859375,409.7574375,1,0.875,423.2035958,0
0.984375,0.875,432.1488681,0.96875,0.875,408.4315131,0.984375,0.859375,409.7574375,16
0.984375,0.859375,409.7574375,1,0.84375,409.3420957,0.96875,0.84375,396.3112792,5
0.984375,0.859375,409.7574375,1,0.875,423.2035958,1,0.84375,409.3420957,66
0.015625,0.63671875,-286.8232285,0.01171875,0.63671875,-222.6794055,0.015625,0.6328125,-291.0040367,2
0.015625,0.63671875,-286.8232285,0.015625,0.640625,-282.6424203,0.01171875,0.63671875,-222.6794055,5
0.0078125,0.63671875,-102.7394978,0.0078125,0.6328125,-162.7163906,0.01171875,0.63671875,-222.6794055,9
0.01171875,0.640625,-249.8703593,0.015625,0.640625,-282.6424203,0.01171875,0.63671875,-222.6794055,9
0.009765625,0.638671875,-58.53133112,0.0078125,0.63671875,-102.7394978,0.01171875,0.63671875,-222.6794055,3
0.009765625,0.638671875,-58.53133112,0.0078125,0.640625,-217.0982982,0.0078125,0.63671875,-102.7394978,9
0.171875,0.515625,68.8960579,0.1875,0.5,-52.81899614,0.15625,0.5,-93.24699938,1
0.140625,0.484375,-118.5436054,0.15625,0.5,-93.24699938,0.15625,0.46875,-103.4122081,0
0.15625,0.515625,-80.69240021,0.171875,0.515625,68.8960579,0.15625,0.5,-93.24699938,1
0.15625,0.515625,-80.69240021,0.15625,0.53125,-125.5650619,0.171875,0.515625,68.8960579,0
0.9375,0.5,167.034756,0.9375,0.4375,177.008736,1,0.5,374.1063099,1
0.9375,0.5,167.034756,0.875,0.5,-40.03679789,0.9375,0.4375,177.008736,3
0.15625,0.59375,-3.017339919,0.125,0.5625,-123.6554152,0.125,0.625,-113.6358277,63
0.9921875,0.9140625,294.7281442,1,0.90625,421.1203461,1,0.921875,26.29317435,2
0.9921875,0.9296875,501.1036123,1,0.9375,833.8712823,1,0.921875,26.29317435,38
0.03125,0.40625,-574.6725051,0.0625,0.375,-492.7545175,0.0625,0.4375,-338.1718129,3
0.03125,0.40625,-574.6725051,0,0.375,-811.1731974,0.0625,0.375,-492.7545175,8
0.09375,0.34375,-349.51582,0.0625,0.375,-492.7545175,0.125,0.375,-174.3358375,18
0.03125,0.34375,-891.6308901,0,0.375,-811.1731974,0.0625,0.375,-492.7545175,6
0.0625,0.34375,-436.8717729,0.03125,0.34375,-891.6308901,0.0625,0.375,-492.7545175,2
0.0625,0.34375,-436.8717729,0.0625,0.3125,-524.6958024,0.03125,0.34375,-891.6308901,0
0.015625,0.515625,-804.3063932,0,0.53125,-785.5944486,0.03125,0.53125,-442.9030281,287
0.015625,0.515625,-804.3063932,0,0.5,-502.0077882,0,0.53125,-785.5944486,329
0.96875,0.875,408.4315131,0.9375,0.875,393.6594304,0.96875,0.84375,396.3112792,215
0.984375,0.859375,409.7574375,0.96875,0.875,408.4315131,0.96875,0.84375,396.3112792,142
0.984375,0.890625,470.6366663,0.96875,0.875,408.4315131,0.96875,0.90625,518.0697368,4
0.9453125,0.9140625,349.6278028,0.953125,0.90625,510.6836955,0.953125,0.921875,195.9579516,0
0.9453125,0.9140625,349.6278028,0.9375,0.90625,503.2976541,0.953125,0.90625,510.6836955,0
1,0.84375,409.3420957,1,0.8125,395.4805955,0.96875,0.84375,396.3112792,7
0.9765625,0.9140625,343.2028396,0.96875,0.921875,353.2072384,0.96875,0.90625,518.0697368,0
0.9609375,0.9140625,357.0138442,0.953125,0.90625,510.6836955,0.953125,0.921875,195.9579516,0
0.9609375,0.9140625,357.0138442,0.96875,0.90625,518.0697368,0.953125,0.90625,510.6836955,0
0.1875,0.75,-118.4841561,0.25,0.75,-158.3660417,0.1875,0.8125,-76.44451909,0
0.0625,0.9375,40.92892485,0.125,1,-120.3814004,0.125,0.875,5.477003546,12
0.0625,0.9375,40.92892485,0,1,76.38084615,0.125,1,-120.3814004,0
0.0234375,0.609375,-353.5442844,0.0234375,0.6015625,-350.3419115,0.03125,0.609375,-362.2134534,27
0.03125,0.28125,-699.8757848,0,0.3125,-1200,0.0625,0.3125,-524.6958024,9
0.625,0.25,-189.4300149,0.625,0.375,114.7819399,0.5,0.25,78.71885337,12
0.625,0.25,-189.4300149,0.75,0.25,-22.62140594,0.625,0.375,114.7819399,1
0.25,0.4375,19.86409142,0.25,0.375,11.69117248,0.1875,0.4375,-73.14941359,1066
0.0625,0.875,-43.8720764,0.0625,0.8125,-93.31781004,0,0.875,344.0469355,88
0.1875,0.53125,-47.80920241,0.1875,0.5625,-42.79940869,0.15625,0.53125,-125.5650619,0
0.3125,0.4375,55.94068464,0.25,0.375,11.69117248,0.375,0.375,83.84435893,546
0.375,0,-69.00285737,0.375,0.125,4.797378768,0.5,0,-16.4536908,9
0.375,0,-69.00285737,0.25,0,-100.9017013,0.375,0.125,4.797378768,6
0.28125,0.46875,41.98884749,0.25,0.4375,19.86409142,0.3125,0.4375,55.94068464,584
0.375,0.4375,111.6301762,0.375,0.375,83.84435893,0.3125,0.4375,55.94068464,284
0.25,0.375,11.69117248,0.25,0.25,5.910684397,0.375,0.375,83.84435893,6058
0.75,0.375,95.92338172,0.625,0.375,114.7819399,0.75,0.5,164.5138781,110
0.75,0.375,95.92338172,0.75,0.25,-22.62140594,0.625,0.375,114.7819399,13
0.5,0.375,109.3801454,0.625,0.375,114.7819399,0.5,0.25,78.71885337,1877
0.5,0.375,109.3801454,0.5,0.5,138.0201374,0.625,0.375,114.7819399,3180
0.625,0.5,140.8702469,0.625,0.375,114.7819399,0.75,0.5,164.5138781,167
0.625,0.5,140.8702469,0.5,0.5,138.0201374,0.625,0.375,114.7819399,1734
0.0625,0.9375,40.92892485,0,1,76.38084615,0,0.875,344.0469355,2
0.009765625,0.65625,-99.54155706,0.009765625,0.654296875,-80.9330582,0.0078125,0.65625,-42.75398901,4
0.009765625,0.65625,-99.54155706,0.01171875,0.65625,-75.52605008,0.009765625,0.654296875,-80.9330582,4
0.15625,0.84375,-35.48375777,0.1875,0.875,-7.351794423,0.1875,0.8125,-76.44451909,0
0.15625,0.84375,-35.48375777,0.125,0.875,5.477003546,0.1875,0.875,-7.351794423,0
0.1875,0.875,-7.351794423,0.1875,0.9375,61.74093024,0.25,0.875,-20.18059239,0
0.1875,0.875,-7.351794423,0.125,0.875,5.477003546,0.1875,0.9375,61.74093024,0
0.0234375,0.654296875,-400.4959065,0.025390625,0.654296875,-165.0724415,0.0234375,0.65625,-417.2175075,2
0.0234375,0.654296875,-400.4959065,0.0234375,0.65234375,-339.1159477,0.025390625,0.654296875,-165.0724415,3
0.025390625,0.65625,-152.6399591,0.025390625,0.654296875,-165.0724415,0.0234375,0.65625,-417.2175075,16
0.025390625,0.65625,-152.6399591,0.02734375,0.65625,-201.6659708,0.025390625,0.654296875,-165.0724415,0
0.02734375,0.65625,-201.6659708,0.03125,0.65625,-239.3863554,0.02734375,0.66015625,-214.7495851,42
0.0185546875,0.6494140625,-177.9922079,0.01953125,0.6484375,-165.9135455,0.01953125,0.650390625,-175.2848975,12
0.02734375,0.65625,-201.6659708,0.03125,0.65625,-239.3863554,0.02734375,0.65234375,-250.2003717,36
0.1484375,0.5078125,52.00908071,0.140625,0.5,-113.461001,0.140625,0.515625,-129.6200323,1
0.1484375,0.5078125,52.00908071,0.15625,0.5,-93.24699938,0.140625,0.5,-113.461001,0
0.140625,0.484375,-118.5436054,0.125,0.46875,-143.8402114,0.15625,0.46875,-103.4122081,8
0.140625,0.484375,-118.5436054,0.125,0.5,-133.6750026,0.125,0.46875,-143.8402114,45
0.001953125,0.572265625,-313.5502761,0.00390625,0.5703125,-505.2086969,0.00390625,0.57421875,-407.6857428,12
0.001953125,0.572265625,-313.5502761,0,0.5703125,-219.4148095,0.00390625,0.5703125,-505.2086969,4
0.046875,0.609375,-268.3136515,0.0625,0.625,-219.7671565,0.03125,0.625,-272.8328208,50
0.375,0.75,109.6896077,0.25,0.75,-158.3660417,0.375,0.625,67.82649514,0
0.1875,0.4375,-73.14941359,0.25,0.375,11.69117248,0.125,0.375,-174.3358375,703
0.21875,0.46875,-22.55620162,0.25,0.5,28.03701035,0.25,0.4375,19.86409142,449
0.1875,0.3125,-84.21257657,0.125,0.25,-221.790837,0.25,0.25,5.910684397,1656
0.140625,0.796875,-57.04301409,0.15625,0.8125,-56.50357626,0.15625,0.78125,-77.52339475,0
0.140625,0.796875,-57.04301409,0.125,0.8125,-36.56263343,0.15625,0.8125,-56.50357626,0
0.0234375,0.703125,-132.8684656,0.0234375,0.7109375,-36.50038062,0.03125,0.703125,-119.6045852,30
0.0234375,0.703125,-132.8684656,0.015625,0.703125,99.49266341,0.0234375,0.7109375,-36.50038062,12
0.03125,0.6640625,-213.2146927,0.0390625,0.6640625,-217.758323,0.03125,0.671875,-187.0430299,76
0.03125,0.6640625,-213.2146927,0.03125,0.65625,-239.3863554,0.0390625,0.6640625,-217.758323,61
0.025390625,0.595703125,-292.2161857,0.02734375,0.59375,-416.3473326,0.02734375,0.59765625,-350.320116,0
0.025390625,0.595703125,-292.2161857,0.0234375,0.59375,-515.8345187,0.02734375,0.59375,-416.3473326,20
0.0185546875,0.6455078125,-241.121015,0.01953125,0.646484375,-218.8709748,0.01953125,0.64453125,-271.8284041,8
0.0185546875,0.6455078125,-241.121015,0.017578125,0.646484375,-210.4139611,0.01953125,0.646484375,-218.8709748,0
0.01953125,0.66796875,-165.4760445,0.015625,0.671875,-140.8392742,0.015625,0.6640625,-124.5686927,39
0.01171875,0.66015625,-81.7746581,0.015625,0.6640625,-124.5686927,0.0078125,0.6640625,-55.25120504,17
0.025390625,0.654296875,-165.0724415,0.0234375,0.65234375,-339.1159477,0.02734375,0.65234375,-250.2003717,16
0.021484375,0.654296875,-53.83783179,0.0234375,0.65234375,-339.1159477,0.01953125,0.65234375,-184.6562495,10
0,0.576171875,-154.5834295,0,0.57421875,-228.8992509,0.001953125,0.576171875,-381.1778577,22
0.015625,0.63671875,-286.8232285,0.01953125,0.63671875,-190.981247,0.015625,0.6328125,-291.0040367,7
0.0078125,0.6953125,235.4857074,0,0.703125,327.807613,0.015625,0.703125,99.49266341,9
0.0078125,0.6953125,235.4857074,0,0.6875,371.4787515,0,0.703125,327.807613,11
0.015625,0.6953125,-71.6385788,0.0078125,0.6953125,235.4857074,0.015625,0.6875,-90.14775265,4
0.015625,0.6953125,-71.6385788,0.015625,0.703125,99.49266341,0.0078125,0.6953125,235.4857074,2
0.015625,0.546875,-622.718021,0,0.53125,-785.5944486,0.03125,0.53125,-442.9030281,135
0.9375,0.6875,301.6941609,0.875,0.75,329.6647764,0.875,0.625,228.6656617,815
0.9375,0.6875,301.6941609,1,0.75,374.72266,0.875,0.75,329.6647764,1787
0.984375,1,840.4081669,0.984375,0.984375,153.2339695,1,1,0,37
0.984375,0.953125,570.1696106,1,0.96875,416.9356412,0.96875,0.96875,306.4679389,4
0.984375,0.953125,570.1696106,1,0.9375,833.8712823,1,0.96875,416.9356412,2
0.984375,0.984375,153.2339695,1,0.96875,416.9356412,0.96875,0.96875,306.4679389,0
0.984375,0.984375,153.2339695,1,1,0,1,0.96875,416.9356412,1
0.03125,0.6015625,-339.5368,0.0234375,0.6015625,-350.3419115,0.03125,0.609375,-362.2134534,70
0.921875,0.921875,448.1613437,0.9375,0.9375,612.9358779,0.90625,0.9375,500.7885295,18
0.890625,0.921875,330.6245756,0.875,0.9375,388.6411811,0.90625,0.9375,500.7885295,185
0.90625,0.921875,411.3581807,0.921875,0.921875,448.1613437,0.90625,0.9375,500.7885295,4
0.90625,0.921875,411.3581807,0.90625,0.90625,470.7246638,0.921875,0.921875,448.1613437,0
0.9375,0.921875,349.763551,0.921875,0.921875,448.1613437,0.9375,0.90625,503.2976541,0
0.9375,0.921875,349.763551,0.9375,0.9375,612.9358779,0.921875,0.921875,448.1613437,19
0.953125,1,535.1107515,0.9375,1,611.4380499,0.953125,0.984375,458.9529944,9
0.96875,0.984375,306.0934819,0.96875,0.96875,306.4679389,0.953125,0.984375,458.9529944,0
0.9609375,0.9921875,382.3360097,0.953125,1,535.1107515,0.953125,0.984375,458.9529944,0
0.09375,0.59375,-210.7288178,0.125,0.5625,-123.6554152,0.125,0.625,-113.6358277,488
0.0234375,0.7109375,-36.50038062,0.015625,0.71875,55.8215249,0.03125,0.71875,-172.4934247,75
0.0234375,0.7109375,-36.50038062,0.015625,0.703125,99.49266341,0.015625,0.71875,55.8215249,35
0.140625,0.5,-113.461001,0.140625,0.484375,-118.5436054,0.125,0.5,-133.6750026,15
0.140625,0.5,-113.461001,0.15625,0.5,-93.24699938,0.140625,0.484375,-118.5436054,0
0.01953125,0.650390625,-175.2848975,0.01953125,0.65234375,-184.6562495,0.017578125,0.650390625,-190.0632576,29
0.017578125,0.640625,-152.5949279,0.017578125,0.642578125,-186.0340597,0.01953125,0.640625,-276.0092123,0
0.017578125,0.640625,-152.5949279,0.015625,0.640625,-282.6424203,0.017578125,0.642578125,-186.0340597,7
0.001953125,0.580078125,-366.3570667,0.00390625,0.578125,-392.8649518,0.00390625,0.58203125,-378.0441608,15
0.001953125,0.580078125,-366.3570667,0,0.578125,-354.6699726,0.00390625,0.578125,-392.8649518,12
0.001953125,0.576171875,-381.1778577,0.00390625,0.578125,-392.8649518,0.00390625,0.57421875,-407.6857428,9
0.001953125,0.576171875,-381.1778577,0,0.578125,-354.6699726,0.00390625,0.578125,-392.8649518,13
0.021484375,0.650390625,-222.8353187,0.01953125,0.6484375,-165.9135455,0.0234375,0.6484375,-261.0143879,7
0.021484375,0.646484375,-266.421396,0.01953125,0.6484375,-165.9135455,0.0234375,0.6484375,-261.0143879,1
0.017578125,0.6484375,-142.2641073,0.017578125,0.646484375,-210.4139611,0.015625,0.6484375,-195.4702657,5
0.017578125,0.6484375,-142.2641073,0.01953125,0.6484375,-165.9135455,0.017578125,0.646484375,-210.4139611,0
0.01953125,0.646484375,-218.8709748,0.017578125,0.646484375,-210.4139611,0.01953125,0.6484375,-165.9135455,12
0.021484375,0.595703125,-239.0440336,0.0234375,0.59765625,-433.0882151,0.01953125,0.59765625,-409.4676601,5
0.021484375,0.595703125,-239.0440336,0.0234375,0.59375,-515.8345187,0.0234375,0.59765625,-433.0882151,9
0,0.8125,469.6051863,0.0625,0.8125,-93.31781004,0,0.875,344.0469355,42
0.6875,0.5625,185.9344144,0.75,0.5,164.5138781,0.625,0.5,140.8702469,1207
0.0234375,0.654296875,-400.4959065,0.021484375,0.654296875,-53.83783179,0.0234375,0.65625,-417.2175075,12
0.0234375,0.654296875,-400.4959065,0.0234375,0.65234375,-339.1159477,0.021484375,0.654296875,-53.83783179,4
0.001953125,0.57421875,-429.3403265,0.001953125,0.576171875,-381.1778577,0,0.57421875,-228.8992509,0
0.021484375,0.646484375,-266.421396,0.0234375,0.64453125,-175.1920113,0.0234375,0.6484375,-261.0143879,8
0.021484375,0.646484375,-266.421396,0.01953125,0.64453125,-271.8284041,0.0234375,0.64453125,-175.1920113,11
0.02734375,0.64453125,-258.561988,0.03125,0.6484375,-247.7479718,0.0234375,0.6484375,-261.0143879,36
0.02734375,0.64453125,-258.561988,0.03125,0.640625,-256.1095881,0.03125,0.6484375,-247.7479718,51
0.0078125,0.58984375,-380.8169383,0.01171875,0.58984375,-401.6901911,0.0078125,0.59375,-399.5683685,30
0.0078125,0.58984375,-380.8169383,0.0078125,0.5859375,-401.4183489,0.01171875,0.58984375,-401.6901911,56
0.00390625,0.640625,172.7164686,0.00390625,0.64453125,0.7809950796,0,0.640625,-151.554176,4
0.00390625,0.640625,172.7164686,0.0078125,0.640625,-217.0982982,0.00390625,0.64453125,0.7809950796,3
0.00390625,0.5703125,-505.2086969,0.0078125,0.5703125,-460.701513,0.00390625,0.57421875,-407.6857428,8
0.125,0.78125,-196.5962239,0.09375,0.78125,-85.96004023,0.125,0.75,-78.60227041,20
0.109375,0.796875,-61.26133683,0.125,0.78125,-196.5962239,0.09375,0.78125,-85.96004023,29
0.15625,0.78125,-77.52339475,0.1875,0.75,-118.4841561,0.1875,0.8125,-76.44451909,0
0.15625,0.78125,-77.52339475,0.125,0.75,-78.60227041,0.1875,0.75,-118.4841561,0
0.125,0.78125,-196.5962239,0.15625,0.78125,-77.52339475,0.125,0.75,-78.60227041,0
0.15625,0.8125,-56.50357626,0.1875,0.8125,-76.44451909,0.15625,0.78125,-77.52339475,0
0.140625,0.796875,-57.04301409,0.125,0.78125,-196.5962239,0.15625,0.78125,-77.52339475,0
0.013671875,0.595703125,-409.6291066,0.01171875,0.59375,-411.9806551,0.01171875,0.59765625,-380.9614332,0
0.013671875,0.595703125,-409.6291066,0.015625,0.59375,-345.930834,0.01171875,0.59375,-411.9806551,20
0.00390625,0.64453125,0.7809950796,0.0078125,0.640625,-217.0982982,0.0078125,0.6484375,-129.9261436,5
0.01171875,0.64453125,-206.284282,0.0078125,0.6484375,-129.9261436,0.0078125,0.640625,-217.0982982,28
0.00390625,0.640625,172.7164686,0.0078125,0.640625,-217.0982982,0.00390625,0.63671875,-23.54568854,8
0.001953125,0.57421875,-429.3403265,0.00390625,0.57421875,-407.6857428,0.001953125,0.576171875,-381.1778577,4
0.0185546875,0.6494140625,-177.9922079,0.017578125,0.6484375,-142.2641073,0.017578125,0.650390625,-190.0632576,0
0.0185546875,0.6494140625,-177.9922079,0.01953125,0.6484375,-165.9135455,0.017578125,0.6484375,-142.2641073,0
0.01953125,0.646484375,-218.8709748,0.021484375,0.646484375,-266.421396,0.01953125,0.6484375,-165.9135455,0
0.01953125,0.646484375,-218.8709748,0.01953125,0.64453125,-271.8284041,0.021484375,0.646484375,-266.421396,0
0.1875,0.6875,-136.0009347,0.25,0.625,47.48188868,0.25,0.75,-158.3660417,1
0.1875,0.3125,-84.21257657,0.125,0.375,-174.3358375,0.25,0.375,11.69117248,1641
0.1875,0.3125,-84.21257657,0.25,0.375,11.69117248,0.25,0.25,5.910684397,1977
0.017578125,0.59375,-436.8659354,0.017578125,0.591796875,-362.48688,0.015625,0.59375,-345.930834,6
0.017578125,0.59375,-436.8659354,0.01953125,0.59375,-350.423,0.017578125,0.591796875,-362.48688,0
0.1875,0.9375,61.74093024,0.125,1,-120.3814004,0.125,0.875,5.477003546,0
0.1875,0.9375,61.74093024,0.25,1,118.0048569,0.125,1,-120.3814004,0
0.625,1,305.1169312,0.5,1,159.6288677,0.625,0.875,264.0105173,1
